condition,step,x,y,heading,left_sensor,right_sensor,requested_action,action,locomotion_drive,left_drive,right_drive,turn_bias,collision
left,0,15.0,10.0,0.0,0.3535533905932738,0.0,idle,idle,0.01904761904761905,0.017857142857142856,0.0,-0.017857142857142856,False
left,1,15.46968635642369,10.171448903727725,0.35,0.3535533905932738,0.0,turn_left,turn_left,0.21904761904761905,0.3392857142857143,0.07317073170731707,-0.2661149825783972,False
left,2,15.93937271284738,10.34289780745545,0.35,0.4513290242274476,0.0,walk_forward,walk_forward,0.2571428571428571,0.19642857142857142,0.2682926829268293,0.07186411149825786,False
left,3,16.43937271284738,10.34289780745545,0.0,0.44808892561036184,0.0,turn_right,turn_right,0.45714285714285713,0.39285714285714285,0.5853658536585366,0.1925087108013937,False
left,4,16.90905906927107,10.514346711183176,0.35,0.3230691216602568,0.0,turn_left,turn_left,0.2857142857142857,0.4107142857142857,0.14634146341463414,-0.26437282229965153,False
left,5,17.37874542569476,10.685795614910901,0.35,0.43285443643184635,0.0,walk_forward,walk_forward,0.2571428571428571,0.19642857142857142,0.2682926829268293,0.07186411149825786,False
left,6,17.87874542569476,10.685795614910901,0.0,0.42611269618125597,0.0,turn_right,turn_right,0.45714285714285713,0.39285714285714285,0.5853658536585366,0.1925087108013937,False
left,7,18.34843178211845,10.857244518638627,0.35,0.2842747819050126,0.0,turn_left,turn_left,0.2857142857142857,0.4107142857142857,0.14634146341463414,-0.26437282229965153,False
left,8,18.81811813854214,11.028693422366352,0.35,0.4047718429309167,0.0,walk_forward,walk_forward,0.2571428571428571,0.19642857142857142,0.2682926829268293,0.07186411149825786,False
left,9,19.31811813854214,11.028693422366352,0.0,0.39486285994326187,0.0,turn_right,turn_right,0.45714285714285713,0.39285714285714285,0.5853658536585366,0.1925087108013937,False
left,10,19.78780449496583,11.200142326094078,0.35,0.23924729452493432,0.0,turn_left,turn_left,0.2857142857142857,0.4107142857142857,0.14634146341463414,-0.26437282229965153,False
left,11,20.25749085138952,11.371591229821803,0.35,0.36859654116029106,0.0,walk_forward,walk_forward,0.2571428571428571,0.19642857142857142,0.2682926829268293,0.07186411149825786,False
left,12,20.75749085138952,11.371591229821803,0.0,0.3561516098072537,0.0,turn_right,turn_right,0.45714285714285713,0.39285714285714285,0.5853658536585366,0.1925087108013937,False
left,13,21.22717720781321,11.543040133549528,0.35,0.19066885770883008,0.0,turn_left,turn_left,0.2857142857142857,0.4107142857142857,0.14634146341463414,-0.26437282229965153,False
left,14,21.6968635642369,11.714489037277254,0.35,0.3265744966540994,0.0,walk_forward,walk_forward,0.2571428571428571,0.19642857142857142,0.2682926829268293,0.07186411149825786,False
left,15,22.1968635642369,11.714489037277254,0.0,0.31242588358368767,0.0,turn_right,turn_right,0.45714285714285713,0.39285714285714285,0.5853658536585366,0.1925087108013937,False
left,16,22.66654992066059,11.885937941004979,0.35,0.1414290646087719,0.0,turn_left,turn_left,0.2857142857142857,0.4107142857142857,0.14634146341463414,-0.26437282229965153,False
left,17,23.13623627708428,12.057386844732704,0.35,0.2813254360148972,0.0,walk_forward,walk_forward,0.2571428571428571,0.19642857142857142,0.2682926829268293,0.07186411149825786,False
left,18,23.63623627708428,12.057386844732704,0.0,0.26636943472626096,0.0,turn_right,turn_right,0.45714285714285713,0.39285714285714285,0.5853658536585366,0.1925087108013937,False
left,19,24.10592263350797,12.22883574846043,0.35,0.0942033891930027,0.0,turn_left,turn_left,0.2857142857142857,0.4107142857142857,0.14634146341463414,-0.26437282229965153,False
left,20,24.57560898993166,12.400284652188155,0.35,0.23543416888714905,0.0,walk_forward,walk_forward,0.2571428571428571,0.19642857142857142,0.2682926829268293,0.07186411149825786,False
left,21,25.07560898993166,12.400284652188155,0.0,0.2205005591267551,0.0,turn_right,turn_right,0.45714285714285713,0.39285714285714285,0.5853658536585366,0.1925087108013937,False
left,22,25.54529534635535,12.57173355591588,0.35,0.051138046385686566,0.0,turn_left,turn_left,0.2857142857142857,0.4107142857142857,0.14634146341463414,-0.26437282229965153,False
left,23,26.01498170277904,12.743182459643606,0.35,0.19112012237302595,0.0,walk_forward,walk_forward,0.2571428571428571,0.19642857142857142,0.2682926829268293,0.07186411149825786,False
left,24,26.51498170277904,12.743182459643606,0.0,0.17688386425597763,0.0,turn_right,turn_right,0.45714285714285713,0.39285714285714285,0.5853658536585366,0.1925087108013937,False
left,25,26.98466805920273,12.914631363371331,0.35,0.013706127311449356,0.0,turn_left,turn_left,0.2857142857142857,0.4107142857142857,0.14634146341463414,-0.26437282229965153,False
left,26,27.45435441562642,13.086080267099057,0.35,0.15005680227654744,0.0,walk_forward,walk_forward,0.2571428571428571,0.19642857142857142,0.2682926829268293,0.07186411149825786,False
left,27,27.95435441562642,13.086080267099057,0.0,0.1370025507099108,0.0,turn_right,turn_right,0.45714285714285713,0.39285714285714285,0.5853658536585366,0.1925087108013937,False
left,28,28.42404077205011,13.257529170826782,0.35,0.0,0.0,turn_left,turn_left,0.2857142857142857,0.4107142857142857,0.14634146341463414,-0.26437282229965153,False
left,29,28.8937271284738,13.428978074554507,0.35,0.11333954923953928,0.0,walk_forward,walk_forward,0.2571428571428571,0.19642857142857142,0.2682926829268293,0.07186411149825786,False
left,30,29.3937271284738,13.428978074554507,0.0,0.10176874566658176,0.0,turn_right,turn_right,0.45714285714285713,0.39285714285714285,0.5853658536585366,0.1925087108013937,False
left,31,29.86341348489749,13.600426978282233,0.35,0.0,0.0,turn_left,turn_left,0.2857142857142857,0.4107142857142857,0.14634146341463414,-0.26437282229965153,False
left,32,29.86341348489749,13.600426978282233,0.35,0.08155462279772774,0.0,walk_forward,rest,0.0,0.19642857142857142,0.2682926829268293,0.07186411149825786,True
left,33,29.86341348489749,13.600426978282233,0.35,0.08155462279772774,0.0,turn_right,rest,0.0,0.39285714285714285,0.5853658536585366,0.1925087108013937,True
left,34,29.86341348489749,13.600426978282233,0.35,0.08155462279772774,0.0,turn_left,rest,0.0,0.4107142857142857,0.14634146341463414,-0.26437282229965153,True
left,35,29.86341348489749,13.600426978282233,0.35,0.08155462279772774,0.0,walk_forward,rest,0.0,0.19642857142857142,0.2682926829268293,0.07186411149825786,True
left,36,29.86341348489749,13.600426978282233,0.35,0.08155462279772774,0.0,turn_right,rest,0.0,0.39285714285714285,0.5853658536585366,0.1925087108013937,True
left,37,29.86341348489749,13.600426978282233,0.35,0.08155462279772774,0.0,turn_left,rest,0.0,0.4107142857142857,0.14634146341463414,-0.26437282229965153,True
left,38,29.86341348489749,13.600426978282233,0.35,0.08155462279772774,0.0,walk_forward,rest,0.0,0.19642857142857142,0.2682926829268293,0.07186411149825786,True
left,39,29.86341348489749,13.600426978282233,0.35,0.08155462279772774,0.0,turn_right,rest,0.0,0.39285714285714285,0.5853658536585366,0.1925087108013937,True
left,40,29.86341348489749,13.600426978282233,0.35,0.08155462279772774,0.0,turn_left,rest,0.0,0.4107142857142857,0.14634146341463414,-0.26437282229965153,True
left,41,29.86341348489749,13.600426978282233,0.35,0.08155462279772774,0.0,walk_forward,rest,0.0,0.19642857142857142,0.2682926829268293,0.07186411149825786,True
left,42,29.86341348489749,13.600426978282233,0.35,0.08155462279772774,0.0,turn_right,rest,0.0,0.39285714285714285,0.5853658536585366,0.1925087108013937,True
left,43,29.86341348489749,13.600426978282233,0.35,0.08155462279772774,0.0,turn_left,rest,0.0,0.4107142857142857,0.14634146341463414,-0.26437282229965153,True
left,44,29.86341348489749,13.600426978282233,0.35,0.08155462279772774,0.0,walk_forward,rest,0.0,0.19642857142857142,0.2682926829268293,0.07186411149825786,True
left,45,29.86341348489749,13.600426978282233,0.35,0.08155462279772774,0.0,turn_right,rest,0.0,0.39285714285714285,0.5853658536585366,0.1925087108013937,True
left,46,29.86341348489749,13.600426978282233,0.35,0.08155462279772774,0.0,turn_left,rest,0.0,0.4107142857142857,0.14634146341463414,-0.26437282229965153,True
left,47,29.86341348489749,13.600426978282233,0.35,0.08155462279772774,0.0,walk_forward,rest,0.0,0.19642857142857142,0.2682926829268293,0.07186411149825786,True
left,48,29.86341348489749,13.600426978282233,0.35,0.08155462279772774,0.0,turn_right,rest,0.0,0.39285714285714285,0.5853658536585366,0.1925087108013937,True
left,49,29.86341348489749,13.600426978282233,0.35,0.08155462279772774,0.0,turn_left,rest,0.0,0.4107142857142857,0.14634146341463414,-0.26437282229965153,True
left,50,29.86341348489749,13.600426978282233,0.35,0.08155462279772774,0.0,walk_forward,rest,0.0,0.19642857142857142,0.2682926829268293,0.07186411149825786,True
left,51,29.86341348489749,13.600426978282233,0.35,0.08155462279772774,0.0,turn_right,rest,0.0,0.39285714285714285,0.5853658536585366,0.1925087108013937,True
left,52,29.86341348489749,13.600426978282233,0.35,0.08155462279772774,0.0,turn_left,rest,0.0,0.4107142857142857,0.14634146341463414,-0.26437282229965153,True
left,53,29.86341348489749,13.600426978282233,0.35,0.08155462279772774,0.0,walk_forward,rest,0.0,0.19642857142857142,0.2682926829268293,0.07186411149825786,True
left,54,29.86341348489749,13.600426978282233,0.35,0.08155462279772774,0.0,turn_right,rest,0.0,0.39285714285714285,0.5853658536585366,0.1925087108013937,True
left,55,29.86341348489749,13.600426978282233,0.35,0.08155462279772774,0.0,turn_left,rest,0.0,0.4107142857142857,0.14634146341463414,-0.26437282229965153,True
left,56,29.86341348489749,13.600426978282233,0.35,0.08155462279772774,0.0,walk_forward,rest,0.0,0.19642857142857142,0.2682926829268293,0.07186411149825786,True
left,57,29.86341348489749,13.600426978282233,0.35,0.08155462279772774,0.0,turn_right,rest,0.0,0.39285714285714285,0.5853658536585366,0.1925087108013937,True
left,58,29.86341348489749,13.600426978282233,0.35,0.08155462279772774,0.0,turn_left,rest,0.0,0.4107142857142857,0.14634146341463414,-0.26437282229965153,True
left,59,29.86341348489749,13.600426978282233,0.35,0.08155462279772774,0.0,walk_forward,rest,0.0,0.19642857142857142,0.2682926829268293,0.07186411149825786,True
left,60,29.86341348489749,13.600426978282233,0.35,0.08155462279772774,0.0,turn_right,rest,0.0,0.39285714285714285,0.5853658536585366,0.1925087108013937,True
left,61,29.86341348489749,13.600426978282233,0.35,0.08155462279772774,0.0,turn_left,rest,0.0,0.4107142857142857,0.14634146341463414,-0.26437282229965153,True
left,62,29.86341348489749,13.600426978282233,0.35,0.08155462279772774,0.0,walk_forward,rest,0.0,0.19642857142857142,0.2682926829268293,0.07186411149825786,True
left,63,29.86341348489749,13.600426978282233,0.35,0.08155462279772774,0.0,turn_right,rest,0.0,0.39285714285714285,0.5853658536585366,0.1925087108013937,True
left,64,29.86341348489749,13.600426978282233,0.35,0.08155462279772774,0.0,turn_left,rest,0.0,0.4107142857142857,0.14634146341463414,-0.26437282229965153,True
left,65,29.86341348489749,13.600426978282233,0.35,0.08155462279772774,0.0,walk_forward,rest,0.0,0.19642857142857142,0.2682926829268293,0.07186411149825786,True
left,66,29.86341348489749,13.600426978282233,0.35,0.08155462279772774,0.0,turn_right,rest,0.0,0.39285714285714285,0.5853658536585366,0.1925087108013937,True
left,67,29.86341348489749,13.600426978282233,0.35,0.08155462279772774,0.0,turn_left,rest,0.0,0.4107142857142857,0.14634146341463414,-0.26437282229965153,True
left,68,29.86341348489749,13.600426978282233,0.35,0.08155462279772774,0.0,walk_forward,rest,0.0,0.19642857142857142,0.2682926829268293,0.07186411149825786,True
left,69,29.86341348489749,13.600426978282233,0.35,0.08155462279772774,0.0,turn_right,rest,0.0,0.39285714285714285,0.5853658536585366,0.1925087108013937,True
left,70,29.86341348489749,13.600426978282233,0.35,0.08155462279772774,0.0,turn_left,rest,0.0,0.4107142857142857,0.14634146341463414,-0.26437282229965153,True
left,71,29.86341348489749,13.600426978282233,0.35,0.08155462279772774,0.0,walk_forward,rest,0.0,0.19642857142857142,0.2682926829268293,0.07186411149825786,True
left,72,29.86341348489749,13.600426978282233,0.35,0.08155462279772774,0.0,turn_right,rest,0.0,0.39285714285714285,0.5853658536585366,0.1925087108013937,True
left,73,29.86341348489749,13.600426978282233,0.35,0.08155462279772774,0.0,turn_left,rest,0.0,0.4107142857142857,0.14634146341463414,-0.26437282229965153,True
left,74,29.86341348489749,13.600426978282233,0.35,0.08155462279772774,0.0,walk_forward,rest,0.0,0.19642857142857142,0.2682926829268293,0.07186411149825786,True
left,75,29.86341348489749,13.600426978282233,0.35,0.08155462279772774,0.0,turn_right,rest,0.0,0.39285714285714285,0.5853658536585366,0.1925087108013937,True
left,76,29.86341348489749,13.600426978282233,0.35,0.08155462279772774,0.0,turn_left,rest,0.0,0.4107142857142857,0.14634146341463414,-0.26437282229965153,True
left,77,29.86341348489749,13.600426978282233,0.35,0.08155462279772774,0.0,walk_forward,rest,0.0,0.19642857142857142,0.2682926829268293,0.07186411149825786,True
left,78,29.86341348489749,13.600426978282233,0.35,0.08155462279772774,0.0,turn_right,rest,0.0,0.39285714285714285,0.5853658536585366,0.1925087108013937,True
left,79,29.86341348489749,13.600426978282233,0.35,0.08155462279772774,0.0,turn_left,rest,0.0,0.4107142857142857,0.14634146341463414,-0.26437282229965153,True
left,80,29.86341348489749,13.600426978282233,0.35,0.08155462279772774,0.0,walk_forward,rest,0.0,0.19642857142857142,0.2682926829268293,0.07186411149825786,True
left,81,29.86341348489749,13.600426978282233,0.35,0.08155462279772774,0.0,turn_right,rest,0.0,0.39285714285714285,0.5853658536585366,0.1925087108013937,True
left,82,29.86341348489749,13.600426978282233,0.35,0.08155462279772774,0.0,turn_left,rest,0.0,0.4107142857142857,0.14634146341463414,-0.26437282229965153,True
left,83,29.86341348489749,13.600426978282233,0.35,0.08155462279772774,0.0,walk_forward,rest,0.0,0.19642857142857142,0.2682926829268293,0.07186411149825786,True
left,84,29.86341348489749,13.600426978282233,0.35,0.08155462279772774,0.0,turn_right,rest,0.0,0.39285714285714285,0.5853658536585366,0.1925087108013937,True
left,85,29.86341348489749,13.600426978282233,0.35,0.08155462279772774,0.0,turn_left,rest,0.0,0.4107142857142857,0.14634146341463414,-0.26437282229965153,True
left,86,29.86341348489749,13.600426978282233,0.35,0.08155462279772774,0.0,walk_forward,rest,0.0,0.19642857142857142,0.2682926829268293,0.07186411149825786,True
left,87,29.86341348489749,13.600426978282233,0.35,0.08155462279772774,0.0,turn_right,rest,0.0,0.39285714285714285,0.5853658536585366,0.1925087108013937,True
left,88,29.86341348489749,13.600426978282233,0.35,0.08155462279772774,0.0,turn_left,rest,0.0,0.4107142857142857,0.14634146341463414,-0.26437282229965153,True
left,89,29.86341348489749,13.600426978282233,0.35,0.08155462279772774,0.0,walk_forward,rest,0.0,0.19642857142857142,0.2682926829268293,0.07186411149825786,True
left,90,29.86341348489749,13.600426978282233,0.35,0.08155462279772774,0.0,turn_right,rest,0.0,0.39285714285714285,0.5853658536585366,0.1925087108013937,True
left,91,29.86341348489749,13.600426978282233,0.35,0.08155462279772774,0.0,turn_left,rest,0.0,0.4107142857142857,0.14634146341463414,-0.26437282229965153,True
left,92,29.86341348489749,13.600426978282233,0.35,0.08155462279772774,0.0,walk_forward,rest,0.0,0.19642857142857142,0.2682926829268293,0.07186411149825786,True
left,93,29.86341348489749,13.600426978282233,0.35,0.08155462279772774,0.0,turn_right,rest,0.0,0.39285714285714285,0.5853658536585366,0.1925087108013937,True
left,94,29.86341348489749,13.600426978282233,0.35,0.08155462279772774,0.0,turn_left,rest,0.0,0.4107142857142857,0.14634146341463414,-0.26437282229965153,True
left,95,29.86341348489749,13.600426978282233,0.35,0.08155462279772774,0.0,walk_forward,rest,0.0,0.19642857142857142,0.2682926829268293,0.07186411149825786,True
left,96,29.86341348489749,13.600426978282233,0.35,0.08155462279772774,0.0,turn_right,rest,0.0,0.39285714285714285,0.5853658536585366,0.1925087108013937,True
left,97,29.86341348489749,13.600426978282233,0.35,0.08155462279772774,0.0,turn_left,rest,0.0,0.4107142857142857,0.14634146341463414,-0.26437282229965153,True
left,98,29.86341348489749,13.600426978282233,0.35,0.08155462279772774,0.0,walk_forward,rest,0.0,0.19642857142857142,0.2682926829268293,0.07186411149825786,True
left,99,29.86341348489749,13.600426978282233,0.35,0.08155462279772774,0.0,turn_right,rest,0.0,0.39285714285714285,0.5853658536585366,0.1925087108013937,True
right,0,15.46968635642369,9.828551096272275,-0.35,0.0,0.4714045207910318,turn_right,turn_right,0.0761904761904762,0.017857142857142856,0.17073170731707318,0.15287456445993033,False
right,1,15.852107450065935,9.506442252653429,-0.7,0.0,0.5950870704794106,turn_right,turn_right,0.34285714285714286,0.25,0.5121951219512195,0.2621951219512195,False
right,2,16.321793806489623,9.334993348925703,-0.35,0.0,0.6714584244515118,turn_left,turn_left,0.29523809523809524,0.32142857142857145,0.21951219512195122,-0.10191637630662023,False
right,3,16.791480162913313,9.163544445197978,-0.35,0.0,0.5750639598758701,walk_forward,walk_forward,0.2761904761904762,0.2857142857142857,0.2682926829268293,-0.017421602787456414,False
right,4,17.173901256555556,8.841435601579132,-0.7,0.0,0.5571645578436584,turn_right,turn_right,0.42857142857142855,0.39285714285714285,0.5121951219512195,0.11933797909407667,False
right,5,17.643587612979246,8.669986697851407,-0.35,0.0,0.6597134201215605,turn_left,turn_left,0.29523809523809524,0.32142857142857145,0.21951219512195122,-0.10191637630662023,False
right,6,18.113273969402936,8.498537794123681,-0.35,0.0,0.5193994047008417,walk_forward,walk_forward,0.2761904761904762,0.2857142857142857,0.2682926829268293,-0.017421602787456414,False
right,7,18.49569506304518,8.176428950504835,-0.7,0.0,0.4932091329692151,turn_right,turn_right,0.42857142857142855,0.39285714285714285,0.5121951219512195,0.11933797909407667,False
right,8,18.96538141946887,8.00498004677711,-0.35,0.0,0.6209935522723072,turn_left,turn_left,0.29523809523809524,0.32142857142857145,0.21951219512195122,-0.10191637630662023,False
right,9,19.43506777589256,7.833531143049385,-0.35,0.0,0.43907276861967504,walk_forward,walk_forward,0.2761904761904762,0.2857142857142857,0.2682926829268293,-0.017421602787456414,False
right,10,19.817488869534802,7.511422299430539,-0.7,0.0,0.40681860409979015,turn_right,turn_right,0.42857142857142855,0.39285714285714285,0.5121951219512195,0.11933797909407667,False
right,11,20.287175225958492,7.339973395702813,-0.35,0.0,0.556866864641503,turn_left,turn_left,0.29523809523809524,0.32142857142857145,0.21951219512195122,-0.10191637630662023,False
right,12,20.756861582382182,7.168524491975088,-0.35,0.0,0.3416832238791558,walk_forward,walk_forward,0.2761904761904762,0.2857142857142857,0.2682926829268293,-0.017421602787456414,False
right,13,21.139282676024425,6.846415648356242,-0.7,0.0,0.3071379663287224,turn_right,turn_right,0.42857142857142855,0.39285714285714285,0.5121951219512195,0.11933797909407667,False
right,14,21.608969032448115,6.674966744628517,-0.35,0.0,0.47492501201643156,turn_left,turn_left,0.29523809523809524,0.32142857142857145,0.21951219512195122,-0.10191637630662023,False
right,15,22.078655388871805,6.503517840900791,-0.35,0.0,0.23873612735803174,walk_forward,walk_forward,0.2761904761904762,0.2857142857142857,0.2682926829268293,-0.017421602787456414,False
right,16,22.46107648251405,6.181408997281945,-0.7,0.0,0.2058093412711827,turn_right,turn_right,0.42857142857142855,0.39285714285714285,0.5121951219512195,0.11933797909407667,False
right,17,22.93076283893774,6.00996009355422,-0.35,0.0,0.38589024875395767,turn_left,turn_left,0.29523809523809524,0.32142857142857145,0.21951219512195122,-0.10191637630662023,False
right,18,23.40044919536143,5.8385111898264945,-0.35,0.0,0.14132731688087155,walk_forward,walk_forward,0.2761904761904762,0.2857142857142857,0.2682926829268293,-0.017421602787456414,False
right,19,23.78287028900367,5.516402346207649,-0.7,0.0,0.11277627974303364,turn_right,turn_right,0.42857142857142855,0.39285714285714285,0.5121951219512195,0.11933797909407667,False
right,20,24.25255664542736,5.344953442479923,-0.35,0.0,0.29947077175683035,turn_left,turn_left,0.2857142857142857,0.32142857142857145,0.1951219512195122,-0.12630662020905925,False
right,21,24.72224300185105,5.173504538752198,-0.35,0.0,0.05686691756897066,walk_forward,walk_forward,0.2857142857142857,0.2857142857142857,0.2926829268292683,0.006968641114982577,False
right,22,25.104664095493295,4.851395695133352,-0.7,0.0,0.03392129696307386,turn_right,turn_right,0.42857142857142855,0.39285714285714285,0.5121951219512195,0.11933797909407667,False
right,23,25.574350451916985,4.6799467914056265,-0.35,0.0,0.22195141947799069,turn_left,turn_left,0.2857142857142857,0.32142857142857145,0.1951219512195122,-0.12630662020905925,False
right,24,26.044036808340675,4.508497887677901,-0.35,0.0,0.0,walk_forward,walk_forward,0.2857142857142857,0.2857142857142857,0.2926829268292683,0.006968641114982577,False
right,25,26.426457901982918,4.186389044059055,-0.7,0.0,0.0,turn_right,turn_right,0.42857142857142855,0.39285714285714285,0.5121951219512195,0.11933797909407667,False
right,26,26.896144258406608,4.01494014033133,-0.35,0.0,0.15612199140948274,turn_left,turn_left,0.2857142857142857,0.32142857142857145,0.1951219512195122,-0.12630662020905925,False
right,27,27.365830614830298,3.843491236603604,-0.35,0.0,0.0,walk_forward,walk_forward,0.2857142857142857,0.2857142857142857,0.2926829268292683,0.006968641114982577,False
right,28,27.74825170847254,3.5213823929847585,-0.7,0.0,0.0,turn_right,turn_right,0.42857142857142855,0.39285714285714285,0.5121951219512195,0.11933797909407667,False
right,29,28.21793806489623,3.3499334892570327,-0.35,0.0,0.1023615147109135,turn_left,turn_left,0.2857142857142857,0.32142857142857145,0.1951219512195122,-0.12630662020905925,False
right,30,28.68762442131992,3.178484585529307,-0.35,0.0,0.0,walk_forward,walk_forward,0.2857142857142857,0.2857142857142857,0.2926829268292683,0.006968641114982577,False
right,31,29.070045514962164,2.8563757419104614,-0.7,0.0,0.0,turn_right,turn_right,0.42857142857142855,0.39285714285714285,0.5121951219512195,0.11933797909407667,False
right,32,29.539731871385854,2.6849268381827356,-0.35,0.0,0.059776084374330594,turn_left,turn_left,0.2857142857142857,0.32142857142857145,0.1951219512195122,-0.12630662020905925,False
right,33,29.539731871385854,2.6849268381827356,-0.35,0.0,0.0,walk_forward,rest,0.0,0.2857142857142857,0.2926829268292683,0.006968641114982577,True
right,34,29.922152965028097,2.36281799456389,-0.7,0.0,0.0,turn_right,turn_right,0.42857142857142855,0.39285714285714285,0.5121951219512195,0.11933797909407667,False
right,35,29.922152965028097,2.36281799456389,-0.7,0.0,0.03553203612043764,turn_left,rest,0.0,0.32142857142857145,0.1951219512195122,-0.12630662020905925,True
right,36,29.922152965028097,2.36281799456389,-0.7,0.0,0.03553203612043764,walk_forward,rest,0.0,0.2857142857142857,0.2926829268292683,0.006968641114982577,True
right,37,29.922152965028097,2.36281799456389,-0.7,0.0,0.03553203612043764,turn_right,rest,0.0,0.39285714285714285,0.5121951219512195,0.11933797909407667,True
right,38,29.922152965028097,2.36281799456389,-0.7,0.0,0.03553203612043764,turn_left,rest,0.0,0.32142857142857145,0.1951219512195122,-0.12630662020905925,True
right,39,29.922152965028097,2.36281799456389,-0.7,0.0,0.03553203612043764,walk_forward,rest,0.0,0.2857142857142857,0.2926829268292683,0.006968641114982577,True
right,40,29.922152965028097,2.36281799456389,-0.7,0.0,0.03553203612043764,turn_right,rest,0.0,0.39285714285714285,0.5121951219512195,0.11933797909407667,True
right,41,29.922152965028097,2.36281799456389,-0.7,0.0,0.03553203612043764,turn_left,rest,0.0,0.32142857142857145,0.1951219512195122,-0.12630662020905925,True
right,42,29.922152965028097,2.36281799456389,-0.7,0.0,0.03553203612043764,walk_forward,rest,0.0,0.2857142857142857,0.2926829268292683,0.006968641114982577,True
right,43,29.922152965028097,2.36281799456389,-0.7,0.0,0.03553203612043764,turn_right,rest,0.0,0.39285714285714285,0.5121951219512195,0.11933797909407667,True
right,44,29.922152965028097,2.36281799456389,-0.7,0.0,0.03553203612043764,turn_left,rest,0.0,0.32142857142857145,0.1951219512195122,-0.12630662020905925,True
right,45,29.922152965028097,2.36281799456389,-0.7,0.0,0.03553203612043764,walk_forward,rest,0.0,0.2857142857142857,0.2926829268292683,0.006968641114982577,True
right,46,29.922152965028097,2.36281799456389,-0.7,0.0,0.03553203612043764,turn_right,rest,0.0,0.39285714285714285,0.5121951219512195,0.11933797909407667,True
right,47,29.922152965028097,2.36281799456389,-0.7,0.0,0.03553203612043764,turn_left,rest,0.0,0.32142857142857145,0.1951219512195122,-0.12630662020905925,True
right,48,29.922152965028097,2.36281799456389,-0.7,0.0,0.03553203612043764,walk_forward,rest,0.0,0.2857142857142857,0.2926829268292683,0.006968641114982577,True
right,49,29.922152965028097,2.36281799456389,-0.7,0.0,0.03553203612043764,turn_right,rest,0.0,0.39285714285714285,0.5121951219512195,0.11933797909407667,True
right,50,29.922152965028097,2.36281799456389,-0.7,0.0,0.03553203612043764,turn_left,rest,0.0,0.32142857142857145,0.1951219512195122,-0.12630662020905925,True
right,51,29.922152965028097,2.36281799456389,-0.7,0.0,0.03553203612043764,walk_forward,rest,0.0,0.2857142857142857,0.2926829268292683,0.006968641114982577,True
right,52,29.922152965028097,2.36281799456389,-0.7,0.0,0.03553203612043764,turn_right,rest,0.0,0.39285714285714285,0.5121951219512195,0.11933797909407667,True
right,53,29.922152965028097,2.36281799456389,-0.7,0.0,0.03553203612043764,turn_left,rest,0.0,0.32142857142857145,0.1951219512195122,-0.12630662020905925,True
right,54,29.922152965028097,2.36281799456389,-0.7,0.0,0.03553203612043764,walk_forward,rest,0.0,0.2857142857142857,0.2926829268292683,0.006968641114982577,True
right,55,29.922152965028097,2.36281799456389,-0.7,0.0,0.03553203612043764,turn_right,rest,0.0,0.39285714285714285,0.5121951219512195,0.11933797909407667,True
right,56,29.922152965028097,2.36281799456389,-0.7,0.0,0.03553203612043764,turn_left,rest,0.0,0.32142857142857145,0.1951219512195122,-0.12630662020905925,True
right,57,29.922152965028097,2.36281799456389,-0.7,0.0,0.03553203612043764,walk_forward,rest,0.0,0.2857142857142857,0.2926829268292683,0.006968641114982577,True
right,58,29.922152965028097,2.36281799456389,-0.7,0.0,0.03553203612043764,turn_right,rest,0.0,0.39285714285714285,0.5121951219512195,0.11933797909407667,True
right,59,29.922152965028097,2.36281799456389,-0.7,0.0,0.03553203612043764,turn_left,rest,0.0,0.32142857142857145,0.1951219512195122,-0.12630662020905925,True
right,60,29.922152965028097,2.36281799456389,-0.7,0.0,0.03553203612043764,walk_forward,rest,0.0,0.2857142857142857,0.2926829268292683,0.006968641114982577,True
right,61,29.922152965028097,2.36281799456389,-0.7,0.0,0.03553203612043764,turn_right,rest,0.0,0.39285714285714285,0.5121951219512195,0.11933797909407667,True
right,62,29.922152965028097,2.36281799456389,-0.7,0.0,0.03553203612043764,turn_left,rest,0.0,0.32142857142857145,0.1951219512195122,-0.12630662020905925,True
right,63,29.922152965028097,2.36281799456389,-0.7,0.0,0.03553203612043764,walk_forward,rest,0.0,0.2857142857142857,0.2926829268292683,0.006968641114982577,True
right,64,29.922152965028097,2.36281799456389,-0.7,0.0,0.03553203612043764,turn_right,rest,0.0,0.39285714285714285,0.5121951219512195,0.11933797909407667,True
right,65,29.922152965028097,2.36281799456389,-0.7,0.0,0.03553203612043764,turn_left,rest,0.0,0.32142857142857145,0.1951219512195122,-0.12630662020905925,True
right,66,29.922152965028097,2.36281799456389,-0.7,0.0,0.03553203612043764,walk_forward,rest,0.0,0.2857142857142857,0.2926829268292683,0.006968641114982577,True
right,67,29.922152965028097,2.36281799456389,-0.7,0.0,0.03553203612043764,turn_right,rest,0.0,0.39285714285714285,0.5121951219512195,0.11933797909407667,True
right,68,29.922152965028097,2.36281799456389,-0.7,0.0,0.03553203612043764,turn_left,rest,0.0,0.32142857142857145,0.1951219512195122,-0.12630662020905925,True
right,69,29.922152965028097,2.36281799456389,-0.7,0.0,0.03553203612043764,walk_forward,rest,0.0,0.2857142857142857,0.2926829268292683,0.006968641114982577,True
right,70,29.922152965028097,2.36281799456389,-0.7,0.0,0.03553203612043764,turn_right,rest,0.0,0.39285714285714285,0.5121951219512195,0.11933797909407667,True
right,71,29.922152965028097,2.36281799456389,-0.7,0.0,0.03553203612043764,turn_left,rest,0.0,0.32142857142857145,0.1951219512195122,-0.12630662020905925,True
right,72,29.922152965028097,2.36281799456389,-0.7,0.0,0.03553203612043764,walk_forward,rest,0.0,0.2857142857142857,0.2926829268292683,0.006968641114982577,True
right,73,29.922152965028097,2.36281799456389,-0.7,0.0,0.03553203612043764,turn_right,rest,0.0,0.39285714285714285,0.5121951219512195,0.11933797909407667,True
right,74,29.922152965028097,2.36281799456389,-0.7,0.0,0.03553203612043764,turn_left,rest,0.0,0.32142857142857145,0.1951219512195122,-0.12630662020905925,True
right,75,29.922152965028097,2.36281799456389,-0.7,0.0,0.03553203612043764,walk_forward,rest,0.0,0.2857142857142857,0.2926829268292683,0.006968641114982577,True
right,76,29.922152965028097,2.36281799456389,-0.7,0.0,0.03553203612043764,turn_right,rest,0.0,0.39285714285714285,0.5121951219512195,0.11933797909407667,True
right,77,29.922152965028097,2.36281799456389,-0.7,0.0,0.03553203612043764,turn_left,rest,0.0,0.32142857142857145,0.1951219512195122,-0.12630662020905925,True
right,78,29.922152965028097,2.36281799456389,-0.7,0.0,0.03553203612043764,walk_forward,rest,0.0,0.2857142857142857,0.2926829268292683,0.006968641114982577,True
right,79,29.922152965028097,2.36281799456389,-0.7,0.0,0.03553203612043764,turn_right,rest,0.0,0.39285714285714285,0.5121951219512195,0.11933797909407667,True
right,80,29.922152965028097,2.36281799456389,-0.7,0.0,0.03553203612043764,turn_left,rest,0.0,0.32142857142857145,0.1951219512195122,-0.12630662020905925,True
right,81,29.922152965028097,2.36281799456389,-0.7,0.0,0.03553203612043764,walk_forward,rest,0.0,0.2857142857142857,0.2926829268292683,0.006968641114982577,True
right,82,29.922152965028097,2.36281799456389,-0.7,0.0,0.03553203612043764,turn_right,rest,0.0,0.39285714285714285,0.5121951219512195,0.11933797909407667,True
right,83,29.922152965028097,2.36281799456389,-0.7,0.0,0.03553203612043764,turn_left,rest,0.0,0.32142857142857145,0.1951219512195122,-0.12630662020905925,True
right,84,29.922152965028097,2.36281799456389,-0.7,0.0,0.03553203612043764,walk_forward,rest,0.0,0.2857142857142857,0.2926829268292683,0.006968641114982577,True
right,85,29.922152965028097,2.36281799456389,-0.7,0.0,0.03553203612043764,turn_right,rest,0.0,0.39285714285714285,0.5121951219512195,0.11933797909407667,True
right,86,29.922152965028097,2.36281799456389,-0.7,0.0,0.03553203612043764,turn_left,rest,0.0,0.32142857142857145,0.1951219512195122,-0.12630662020905925,True
right,87,29.922152965028097,2.36281799456389,-0.7,0.0,0.03553203612043764,walk_forward,rest,0.0,0.2857142857142857,0.2926829268292683,0.006968641114982577,True
right,88,29.922152965028097,2.36281799456389,-0.7,0.0,0.03553203612043764,turn_right,rest,0.0,0.39285714285714285,0.5121951219512195,0.11933797909407667,True
right,89,29.922152965028097,2.36281799456389,-0.7,0.0,0.03553203612043764,turn_left,rest,0.0,0.32142857142857145,0.1951219512195122,-0.12630662020905925,True
right,90,29.922152965028097,2.36281799456389,-0.7,0.0,0.03553203612043764,walk_forward,rest,0.0,0.2857142857142857,0.2926829268292683,0.006968641114982577,True
right,91,29.922152965028097,2.36281799456389,-0.7,0.0,0.03553203612043764,turn_right,rest,0.0,0.39285714285714285,0.5121951219512195,0.11933797909407667,True
right,92,29.922152965028097,2.36281799456389,-0.7,0.0,0.03553203612043764,turn_left,rest,0.0,0.32142857142857145,0.1951219512195122,-0.12630662020905925,True
right,93,29.922152965028097,2.36281799456389,-0.7,0.0,0.03553203612043764,walk_forward,rest,0.0,0.2857142857142857,0.2926829268292683,0.006968641114982577,True
right,94,29.922152965028097,2.36281799456389,-0.7,0.0,0.03553203612043764,turn_right,rest,0.0,0.39285714285714285,0.5121951219512195,0.11933797909407667,True
right,95,29.922152965028097,2.36281799456389,-0.7,0.0,0.03553203612043764,turn_left,rest,0.0,0.32142857142857145,0.1951219512195122,-0.12630662020905925,True
right,96,29.922152965028097,2.36281799456389,-0.7,0.0,0.03553203612043764,walk_forward,rest,0.0,0.2857142857142857,0.2926829268292683,0.006968641114982577,True
right,97,29.922152965028097,2.36281799456389,-0.7,0.0,0.03553203612043764,turn_right,rest,0.0,0.39285714285714285,0.5121951219512195,0.11933797909407667,True
right,98,29.922152965028097,2.36281799456389,-0.7,0.0,0.03553203612043764,turn_left,rest,0.0,0.32142857142857145,0.1951219512195122,-0.12630662020905925,True
right,99,29.922152965028097,2.36281799456389,-0.7,0.0,0.03553203612043764,walk_forward,rest,0.0,0.2857142857142857,0.2926829268292683,0.006968641114982577,True
front,0,15.46968635642369,9.828551096272275,-0.35,0.4714045207910318,0.4714045207910318,turn_right,turn_right,0.09523809523809523,0.03571428571428571,0.17073170731707318,0.13501742160278746,False
front,1,15.93937271284738,9.65710219254455,-0.35,0.6236929258542423,0.27658905007810464,walk_forward,walk_forward,0.5428571428571428,0.5714285714285714,0.5609756097560976,-0.010452961672473782,False
front,2,16.40905906927107,9.485653288816824,-0.35,0.6433401859020166,0.27016004581482445,walk_forward,walk_forward,0.2857142857142857,0.2857142857142857,0.21951219512195122,-0.06620209059233448,False
front,3,16.87874542569476,9.314204385089099,-0.35,0.6634094386920063,0.26159443442624186,walk_forward,walk_forward,0.17142857142857143,0.14285714285714285,0.21951219512195122,0.07665505226480837,False
front,4,17.34843178211845,9.142755481361373,-0.35,0.6838829510664248,0.250531104041663,walk_forward,walk_forward,0.5428571428571428,0.5714285714285714,0.5609756097560976,-0.010452961672473782,False
front,5,17.81811813854214,8.971306577633648,-0.35,0.7047157230608453,0.23653326204073039,walk_forward,walk_forward,0.2857142857142857,0.2857142857142857,0.21951219512195122,-0.06620209059233448,False
front,6,18.28780449496583,8.799857673905922,-0.35,0.7258203962116551,0.21907155803885928,walk_forward,walk_forward,0.17142857142857143,0.14285714285714285,0.21951219512195122,0.07665505226480837,False
front,7,18.75749085138952,8.628408770178197,-0.35,0.747044536746515,0.19750461642651046,walk_forward,walk_forward,0.5428571428571428,0.5714285714285714,0.5609756097560976,-0.010452961672473782,False
front,8,19.22717720781321,8.456959866450472,-0.35,0.7681366279480564,0.171058159409392,walk_forward,walk_forward,0.2857142857142857,0.2857142857142857,0.21951219512195122,-0.06620209059233448,False
front,9,19.6968635642369,8.285510962722746,-0.35,0.7886956818451629,0.13880598022294188,walk_forward,walk_forward,0.17142857142857143,0.14285714285714285,0.21951219512195122,0.07665505226480837,False
front,10,20.16654992066059,8.114062058995021,-0.35,0.8080979858419627,0.09966012358657034,walk_forward,walk_forward,0.5428571428571428,0.5714285714285714,0.5609756097560976,-0.010452961672473782,False
front,11,20.63623627708428,7.942613155267296,-0.35,0.8253942265026462,0.05238517395441523,walk_forward,walk_forward,0.2857142857142857,0.2857142857142857,0.21951219512195122,-0.06620209059233448,False
front,12,21.10592263350797,7.77116425153957,-0.35,0.8391739489793012,0.0,walk_forward,walk_forward,0.17142857142857143,0.14285714285714285,0.21951219512195122,0.07665505226480837,False
front,13,21.57560898993166,7.599715347811845,-0.35,0.8474082887652111,0.0,walk_forward,walk_forward,0.5428571428571428,0.5714285714285714,0.5609756097560976,-0.010452961672473782,False
front,14,22.04529534635535,7.4282664440841195,-0.35,0.8473170181527118,0.0,walk_forward,walk_forward,0.2857142857142857,0.2857142857142857,0.21951219512195122,-0.06620209059233448,False
front,15,22.51498170277904,7.256817540356394,-0.35,0.8353731861910172,0.0,walk_forward,walk_forward,0.17142857142857143,0.14285714285714285,0.21951219512195122,0.07665505226480837,False
front,16,22.98466805920273,7.085368636628669,-0.35,0.8076459134887956,0.0,walk_forward,walk_forward,0.5428571428571428,0.5714285714285714,0.5609756097560976,-0.010452961672473782,False
front,17,23.45435441562642,6.913919732900943,-0.35,0.7607018697808986,0.0,walk_forward,walk_forward,0.2857142857142857,0.2857142857142857,0.21951219512195122,-0.06620209059233448,False
front,18,23.92404077205011,6.742470829173218,-0.35,0.6930513940404657,0.0,walk_forward,walk_forward,0.17142857142857143,0.14285714285714285,0.21951219512195122,0.07665505226480837,False
front,19,24.3937271284738,6.571021925445493,-0.35,0.6065459660761066,0.0,walk_forward,walk_forward,0.5428571428571428,0.5714285714285714,0.5609756097560976,-0.010452961672473782,False
front,20,24.86341348489749,6.399573021717767,-0.35,0.5066619688434478,0.0,walk_forward,walk_forward,0.2857142857142857,0.2857142857142857,0.21951219512195122,-0.06620209059233448,False
front,21,25.33309984132118,6.228124117990042,-0.35,0.4010937036818805,0.0,walk_forward,walk_forward,0.17142857142857143,0.14285714285714285,0.21951219512195122,0.07665505226480837,False
front,22,25.80278619774487,6.056675214262317,-0.35,0.29741299140963484,0.0,walk_forward,walk_forward,0.5428571428571428,0.5714285714285714,0.5609756097560976,-0.010452961672473782,False
front,23,26.27247255416856,5.885226310534591,-0.35,0.20124022043889056,0.0,walk_forward,walk_forward,0.2857142857142857,0.2857142857142857,0.21951219512195122,-0.06620209059233448,False
front,24,26.74215891059225,5.713777406806866,-0.35,0.11567615305213444,0.0,walk_forward,walk_forward,0.17142857142857143,0.14285714285714285,0.21951219512195122,0.07665505226480837,False
front,25,27.21184526701594,5.5423285030791405,-0.35,0.04171283478972655,0.0,walk_forward,walk_forward,0.5428571428571428,0.5714285714285714,0.5609756097560976,-0.010452961672473782,False
front,26,27.68153162343963,5.370879599351415,-0.35,0.0,0.0,walk_forward,walk_forward,0.2857142857142857,0.2857142857142857,0.21951219512195122,-0.06620209059233448,False
front,27,28.15121797986332,5.19943069562369,-0.35,0.0,0.0,walk_forward,walk_forward,0.17142857142857143,0.14285714285714285,0.21951219512195122,0.07665505226480837,False
front,28,28.62090433628701,5.027981791895964,-0.35,0.0,0.0,walk_forward,walk_forward,0.5428571428571428,0.5714285714285714,0.5609756097560976,-0.010452961672473782,False
front,29,29.0905906927107,4.856532888168239,-0.35,0.0,0.0,walk_forward,walk_forward,0.2857142857142857,0.2857142857142857,0.21951219512195122,-0.06620209059233448,False
front,30,29.56027704913439,4.685083984440514,-0.35,0.0,0.0,walk_forward,walk_forward,0.17142857142857143,0.14285714285714285,0.21951219512195122,0.07665505226480837,False
front,31,29.56027704913439,4.685083984440514,-0.35,0.0,0.0,walk_forward,rest,0.0,0.5714285714285714,0.5609756097560976,-0.010452961672473782,True
front,32,29.56027704913439,4.685083984440514,-0.35,0.0,0.0,walk_forward,rest,0.0,0.2857142857142857,0.21951219512195122,-0.06620209059233448,True
front,33,29.56027704913439,4.685083984440514,-0.35,0.0,0.0,walk_forward,rest,0.0,0.14285714285714285,0.21951219512195122,0.07665505226480837,True
front,34,29.56027704913439,4.685083984440514,-0.35,0.0,0.0,walk_forward,rest,0.0,0.5714285714285714,0.5609756097560976,-0.010452961672473782,True
front,35,29.56027704913439,4.685083984440514,-0.35,0.0,0.0,walk_forward,rest,0.0,0.2857142857142857,0.21951219512195122,-0.06620209059233448,True
front,36,29.56027704913439,4.685083984440514,-0.35,0.0,0.0,walk_forward,rest,0.0,0.14285714285714285,0.21951219512195122,0.07665505226480837,True
front,37,29.56027704913439,4.685083984440514,-0.35,0.0,0.0,walk_forward,rest,0.0,0.5714285714285714,0.5609756097560976,-0.010452961672473782,True
front,38,29.56027704913439,4.685083984440514,-0.35,0.0,0.0,walk_forward,rest,0.0,0.2857142857142857,0.21951219512195122,-0.06620209059233448,True
front,39,29.56027704913439,4.685083984440514,-0.35,0.0,0.0,walk_forward,rest,0.0,0.14285714285714285,0.21951219512195122,0.07665505226480837,True
front,40,29.56027704913439,4.685083984440514,-0.35,0.0,0.0,walk_forward,rest,0.0,0.5714285714285714,0.5609756097560976,-0.010452961672473782,True
front,41,29.56027704913439,4.685083984440514,-0.35,0.0,0.0,walk_forward,rest,0.0,0.2857142857142857,0.21951219512195122,-0.06620209059233448,True
front,42,29.56027704913439,4.685083984440514,-0.35,0.0,0.0,walk_forward,rest,0.0,0.14285714285714285,0.21951219512195122,0.07665505226480837,True
front,43,29.56027704913439,4.685083984440514,-0.35,0.0,0.0,walk_forward,rest,0.0,0.5714285714285714,0.5609756097560976,-0.010452961672473782,True
front,44,29.56027704913439,4.685083984440514,-0.35,0.0,0.0,walk_forward,rest,0.0,0.2857142857142857,0.21951219512195122,-0.06620209059233448,True
front,45,29.56027704913439,4.685083984440514,-0.35,0.0,0.0,walk_forward,rest,0.0,0.14285714285714285,0.21951219512195122,0.07665505226480837,True
front,46,29.56027704913439,4.685083984440514,-0.35,0.0,0.0,walk_forward,rest,0.0,0.5714285714285714,0.5609756097560976,-0.010452961672473782,True
front,47,29.56027704913439,4.685083984440514,-0.35,0.0,0.0,walk_forward,rest,0.0,0.2857142857142857,0.21951219512195122,-0.06620209059233448,True
front,48,29.56027704913439,4.685083984440514,-0.35,0.0,0.0,walk_forward,rest,0.0,0.14285714285714285,0.21951219512195122,0.07665505226480837,True
front,49,29.56027704913439,4.685083984440514,-0.35,0.0,0.0,walk_forward,rest,0.0,0.5714285714285714,0.5609756097560976,-0.010452961672473782,True
front,50,29.56027704913439,4.685083984440514,-0.35,0.0,0.0,walk_forward,rest,0.0,0.2857142857142857,0.21951219512195122,-0.06620209059233448,True
front,51,29.56027704913439,4.685083984440514,-0.35,0.0,0.0,walk_forward,rest,0.0,0.14285714285714285,0.21951219512195122,0.07665505226480837,True
front,52,29.56027704913439,4.685083984440514,-0.35,0.0,0.0,walk_forward,rest,0.0,0.5714285714285714,0.5609756097560976,-0.010452961672473782,True
front,53,29.56027704913439,4.685083984440514,-0.35,0.0,0.0,walk_forward,rest,0.0,0.2857142857142857,0.21951219512195122,-0.06620209059233448,True
front,54,29.56027704913439,4.685083984440514,-0.35,0.0,0.0,walk_forward,rest,0.0,0.14285714285714285,0.21951219512195122,0.07665505226480837,True
front,55,29.56027704913439,4.685083984440514,-0.35,0.0,0.0,walk_forward,rest,0.0,0.5714285714285714,0.5609756097560976,-0.010452961672473782,True
front,56,29.56027704913439,4.685083984440514,-0.35,0.0,0.0,walk_forward,rest,0.0,0.2857142857142857,0.21951219512195122,-0.06620209059233448,True
front,57,29.56027704913439,4.685083984440514,-0.35,0.0,0.0,walk_forward,rest,0.0,0.14285714285714285,0.21951219512195122,0.07665505226480837,True
front,58,29.56027704913439,4.685083984440514,-0.35,0.0,0.0,walk_forward,rest,0.0,0.5714285714285714,0.5609756097560976,-0.010452961672473782,True
front,59,29.56027704913439,4.685083984440514,-0.35,0.0,0.0,walk_forward,rest,0.0,0.2857142857142857,0.21951219512195122,-0.06620209059233448,True
front,60,29.56027704913439,4.685083984440514,-0.35,0.0,0.0,walk_forward,rest,0.0,0.14285714285714285,0.21951219512195122,0.07665505226480837,True
front,61,29.56027704913439,4.685083984440514,-0.35,0.0,0.0,walk_forward,rest,0.0,0.5714285714285714,0.5609756097560976,-0.010452961672473782,True
front,62,29.56027704913439,4.685083984440514,-0.35,0.0,0.0,walk_forward,rest,0.0,0.2857142857142857,0.21951219512195122,-0.06620209059233448,True
front,63,29.56027704913439,4.685083984440514,-0.35,0.0,0.0,walk_forward,rest,0.0,0.14285714285714285,0.21951219512195122,0.07665505226480837,True
front,64,29.56027704913439,4.685083984440514,-0.35,0.0,0.0,walk_forward,rest,0.0,0.5714285714285714,0.5609756097560976,-0.010452961672473782,True
front,65,29.56027704913439,4.685083984440514,-0.35,0.0,0.0,walk_forward,rest,0.0,0.2857142857142857,0.21951219512195122,-0.06620209059233448,True
front,66,29.56027704913439,4.685083984440514,-0.35,0.0,0.0,walk_forward,rest,0.0,0.14285714285714285,0.21951219512195122,0.07665505226480837,True
front,67,29.56027704913439,4.685083984440514,-0.35,0.0,0.0,walk_forward,rest,0.0,0.5714285714285714,0.5609756097560976,-0.010452961672473782,True
front,68,29.56027704913439,4.685083984440514,-0.35,0.0,0.0,walk_forward,rest,0.0,0.2857142857142857,0.21951219512195122,-0.06620209059233448,True
front,69,29.56027704913439,4.685083984440514,-0.35,0.0,0.0,walk_forward,rest,0.0,0.14285714285714285,0.21951219512195122,0.07665505226480837,True
front,70,29.56027704913439,4.685083984440514,-0.35,0.0,0.0,walk_forward,rest,0.0,0.5714285714285714,0.5609756097560976,-0.010452961672473782,True
front,71,29.56027704913439,4.685083984440514,-0.35,0.0,0.0,walk_forward,rest,0.0,0.2857142857142857,0.21951219512195122,-0.06620209059233448,True
front,72,29.56027704913439,4.685083984440514,-0.35,0.0,0.0,walk_forward,rest,0.0,0.14285714285714285,0.21951219512195122,0.07665505226480837,True
front,73,29.56027704913439,4.685083984440514,-0.35,0.0,0.0,walk_forward,rest,0.0,0.5714285714285714,0.5609756097560976,-0.010452961672473782,True
front,74,29.56027704913439,4.685083984440514,-0.35,0.0,0.0,walk_forward,rest,0.0,0.2857142857142857,0.21951219512195122,-0.06620209059233448,True
front,75,29.56027704913439,4.685083984440514,-0.35,0.0,0.0,walk_forward,rest,0.0,0.14285714285714285,0.21951219512195122,0.07665505226480837,True
front,76,29.56027704913439,4.685083984440514,-0.35,0.0,0.0,walk_forward,rest,0.0,0.5714285714285714,0.5609756097560976,-0.010452961672473782,True
front,77,29.56027704913439,4.685083984440514,-0.35,0.0,0.0,walk_forward,rest,0.0,0.2857142857142857,0.21951219512195122,-0.06620209059233448,True
front,78,29.56027704913439,4.685083984440514,-0.35,0.0,0.0,walk_forward,rest,0.0,0.14285714285714285,0.21951219512195122,0.07665505226480837,True
front,79,29.56027704913439,4.685083984440514,-0.35,0.0,0.0,walk_forward,rest,0.0,0.5714285714285714,0.5609756097560976,-0.010452961672473782,True
front,80,29.56027704913439,4.685083984440514,-0.35,0.0,0.0,walk_forward,rest,0.0,0.2857142857142857,0.21951219512195122,-0.06620209059233448,True
front,81,29.56027704913439,4.685083984440514,-0.35,0.0,0.0,walk_forward,rest,0.0,0.14285714285714285,0.21951219512195122,0.07665505226480837,True
front,82,29.56027704913439,4.685083984440514,-0.35,0.0,0.0,walk_forward,rest,0.0,0.5714285714285714,0.5609756097560976,-0.010452961672473782,True
front,83,29.56027704913439,4.685083984440514,-0.35,0.0,0.0,walk_forward,rest,0.0,0.2857142857142857,0.21951219512195122,-0.06620209059233448,True
front,84,29.56027704913439,4.685083984440514,-0.35,0.0,0.0,walk_forward,rest,0.0,0.14285714285714285,0.21951219512195122,0.07665505226480837,True
front,85,29.56027704913439,4.685083984440514,-0.35,0.0,0.0,walk_forward,rest,0.0,0.5714285714285714,0.5609756097560976,-0.010452961672473782,True
front,86,29.56027704913439,4.685083984440514,-0.35,0.0,0.0,walk_forward,rest,0.0,0.2857142857142857,0.21951219512195122,-0.06620209059233448,True
front,87,29.56027704913439,4.685083984440514,-0.35,0.0,0.0,walk_forward,rest,0.0,0.14285714285714285,0.21951219512195122,0.07665505226480837,True
front,88,29.56027704913439,4.685083984440514,-0.35,0.0,0.0,walk_forward,rest,0.0,0.5714285714285714,0.5609756097560976,-0.010452961672473782,True
front,89,29.56027704913439,4.685083984440514,-0.35,0.0,0.0,walk_forward,rest,0.0,0.2857142857142857,0.21951219512195122,-0.06620209059233448,True
front,90,29.56027704913439,4.685083984440514,-0.35,0.0,0.0,walk_forward,rest,0.0,0.14285714285714285,0.21951219512195122,0.07665505226480837,True
front,91,29.56027704913439,4.685083984440514,-0.35,0.0,0.0,walk_forward,rest,0.0,0.5714285714285714,0.5609756097560976,-0.010452961672473782,True
front,92,29.56027704913439,4.685083984440514,-0.35,0.0,0.0,walk_forward,rest,0.0,0.2857142857142857,0.21951219512195122,-0.06620209059233448,True
front,93,29.56027704913439,4.685083984440514,-0.35,0.0,0.0,walk_forward,rest,0.0,0.14285714285714285,0.21951219512195122,0.07665505226480837,True
front,94,29.56027704913439,4.685083984440514,-0.35,0.0,0.0,walk_forward,rest,0.0,0.5714285714285714,0.5609756097560976,-0.010452961672473782,True
front,95,29.56027704913439,4.685083984440514,-0.35,0.0,0.0,walk_forward,rest,0.0,0.2857142857142857,0.21951219512195122,-0.06620209059233448,True
front,96,29.56027704913439,4.685083984440514,-0.35,0.0,0.0,walk_forward,rest,0.0,0.14285714285714285,0.21951219512195122,0.07665505226480837,True
front,97,29.56027704913439,4.685083984440514,-0.35,0.0,0.0,walk_forward,rest,0.0,0.5714285714285714,0.5609756097560976,-0.010452961672473782,True
front,98,29.56027704913439,4.685083984440514,-0.35,0.0,0.0,walk_forward,rest,0.0,0.2857142857142857,0.21951219512195122,-0.06620209059233448,True
front,99,29.56027704913439,4.685083984440514,-0.35,0.0,0.0,walk_forward,rest,0.0,0.14285714285714285,0.21951219512195122,0.07665505226480837,True
