condition,timestep,active_neurons,motor_spikes,locomotion_drive,left_drive,right_drive,turn_bias,endocrine_drive,action
sensory,0,50,0,0.0,0.0,0.0398406374501992,0.0398406374501992,0.0,rest
sensory,1,124,1,0.14814814814814814,0.0,0.07569721115537849,0.07569721115537849,0.0,walk_forward
sensory,2,570,10,0.6203703703703703,0.0,0.4900398406374502,0.4900398406374502,0.0,turn_right
sensory,3,259,4,0.19444444444444445,0.0,0.2589641434262948,0.2589641434262948,1.0,turn_right
sensory,4,146,1,0.16666666666666666,0.0,0.09163346613545817,0.09163346613545817,0.0,walk_forward
sensory,5,573,10,0.6203703703703703,0.0,0.4900398406374502,0.4900398406374502,0.0,turn_right
sensory,6,260,4,0.19444444444444445,0.0,0.26294820717131473,0.26294820717131473,1.0,turn_right
sensory,7,147,1,0.16666666666666666,0.0,0.09561752988047809,0.09561752988047809,0.0,walk_forward
sensory,8,573,10,0.6203703703703703,0.0,0.4900398406374502,0.4900398406374502,0.0,turn_right
sensory,9,260,4,0.19444444444444445,0.0,0.26294820717131473,0.26294820717131473,1.0,turn_right
sensory,10,147,1,0.16666666666666666,0.0,0.09561752988047809,0.09561752988047809,0.0,walk_forward
sensory,11,573,10,0.6203703703703703,0.0,0.4900398406374502,0.4900398406374502,0.0,turn_right
sensory,12,260,4,0.19444444444444445,0.0,0.26294820717131473,0.26294820717131473,1.0,turn_right
sensory,13,147,1,0.16666666666666666,0.0,0.09561752988047809,0.09561752988047809,0.0,walk_forward
sensory,14,573,10,0.6203703703703703,0.0,0.4900398406374502,0.4900398406374502,0.0,turn_right
sensory,15,260,4,0.19444444444444445,0.0,0.26294820717131473,0.26294820717131473,1.0,turn_right
sensory,16,147,1,0.16666666666666666,0.0,0.09561752988047809,0.09561752988047809,0.0,walk_forward
sensory,17,573,10,0.6203703703703703,0.0,0.4900398406374502,0.4900398406374502,0.0,turn_right
sensory,18,260,4,0.19444444444444445,0.0,0.26294820717131473,0.26294820717131473,1.0,turn_right
sensory,19,147,1,0.16666666666666666,0.0,0.09561752988047809,0.09561752988047809,0.0,walk_forward
sensory,20,573,10,0.6203703703703703,0.0,0.4900398406374502,0.4900398406374502,0.0,turn_right
sensory,21,260,4,0.19444444444444445,0.0,0.26294820717131473,0.26294820717131473,1.0,turn_right
sensory,22,147,1,0.16666666666666666,0.0,0.09561752988047809,0.09561752988047809,0.0,walk_forward
sensory,23,573,10,0.6203703703703703,0.0,0.4900398406374502,0.4900398406374502,0.0,turn_right
sensory,24,260,4,0.19444444444444445,0.0,0.26294820717131473,0.26294820717131473,1.0,turn_right
sensory,25,147,1,0.16666666666666666,0.0,0.09561752988047809,0.09561752988047809,0.0,walk_forward
sensory,26,573,10,0.6203703703703703,0.0,0.4900398406374502,0.4900398406374502,0.0,turn_right
sensory,27,260,4,0.19444444444444445,0.0,0.26294820717131473,0.26294820717131473,1.0,turn_right
sensory,28,147,1,0.16666666666666666,0.0,0.09561752988047809,0.09561752988047809,0.0,walk_forward
sensory,29,573,10,0.6203703703703703,0.0,0.4900398406374502,0.4900398406374502,0.0,turn_right
sensory,30,260,4,0.19444444444444445,0.0,0.26294820717131473,0.26294820717131473,1.0,turn_right
sensory,31,147,1,0.16666666666666666,0.0,0.09561752988047809,0.09561752988047809,0.0,walk_forward
sensory,32,573,10,0.6203703703703703,0.0,0.4900398406374502,0.4900398406374502,0.0,turn_right
sensory,33,260,4,0.19444444444444445,0.0,0.26294820717131473,0.26294820717131473,1.0,turn_right
sensory,34,147,1,0.16666666666666666,0.0,0.09561752988047809,0.09561752988047809,0.0,walk_forward
sensory,35,573,10,0.6203703703703703,0.0,0.4900398406374502,0.4900398406374502,0.0,turn_right
sensory,36,260,4,0.19444444444444445,0.0,0.26294820717131473,0.26294820717131473,1.0,turn_right
sensory,37,147,1,0.16666666666666666,0.0,0.09561752988047809,0.09561752988047809,0.0,walk_forward
sensory,38,573,10,0.6203703703703703,0.0,0.4900398406374502,0.4900398406374502,0.0,turn_right
sensory,39,260,4,0.19444444444444445,0.0,0.26294820717131473,0.26294820717131473,1.0,turn_right
sensory,40,147,1,0.16666666666666666,0.0,0.09561752988047809,0.09561752988047809,0.0,walk_forward
sensory,41,573,10,0.6203703703703703,0.0,0.4900398406374502,0.4900398406374502,0.0,turn_right
sensory,42,260,4,0.19444444444444445,0.0,0.26294820717131473,0.26294820717131473,1.0,turn_right
sensory,43,147,1,0.16666666666666666,0.0,0.09561752988047809,0.09561752988047809,0.0,walk_forward
sensory,44,573,10,0.6203703703703703,0.0,0.4900398406374502,0.4900398406374502,0.0,turn_right
sensory,45,260,4,0.19444444444444445,0.0,0.26294820717131473,0.26294820717131473,1.0,turn_right
sensory,46,147,1,0.16666666666666666,0.0,0.09561752988047809,0.09561752988047809,0.0,walk_forward
sensory,47,573,10,0.6203703703703703,0.0,0.4900398406374502,0.4900398406374502,0.0,turn_right
sensory,48,260,4,0.19444444444444445,0.0,0.26294820717131473,0.26294820717131473,1.0,turn_right
sensory,49,147,1,0.16666666666666666,0.0,0.09561752988047809,0.09561752988047809,0.0,walk_forward
sensory,50,573,10,0.6203703703703703,0.0,0.4900398406374502,0.4900398406374502,0.0,turn_right
sensory,51,260,4,0.19444444444444445,0.0,0.26294820717131473,0.26294820717131473,1.0,turn_right
sensory,52,147,1,0.16666666666666666,0.0,0.09561752988047809,0.09561752988047809,0.0,walk_forward
sensory,53,573,10,0.6203703703703703,0.0,0.4900398406374502,0.4900398406374502,0.0,turn_right
sensory,54,260,4,0.19444444444444445,0.0,0.26294820717131473,0.26294820717131473,1.0,turn_right
sensory,55,147,1,0.16666666666666666,0.0,0.09561752988047809,0.09561752988047809,0.0,walk_forward
sensory,56,573,10,0.6203703703703703,0.0,0.4900398406374502,0.4900398406374502,0.0,turn_right
sensory,57,260,4,0.19444444444444445,0.0,0.26294820717131473,0.26294820717131473,1.0,turn_right
sensory,58,147,1,0.16666666666666666,0.0,0.09561752988047809,0.09561752988047809,0.0,walk_forward
sensory,59,573,10,0.6203703703703703,0.0,0.4900398406374502,0.4900398406374502,0.0,turn_right
sensory,60,260,4,0.19444444444444445,0.0,0.26294820717131473,0.26294820717131473,1.0,turn_right
sensory,61,147,1,0.16666666666666666,0.0,0.09561752988047809,0.09561752988047809,0.0,walk_forward
sensory,62,573,10,0.6203703703703703,0.0,0.4900398406374502,0.4900398406374502,0.0,turn_right
sensory,63,260,4,0.19444444444444445,0.0,0.26294820717131473,0.26294820717131473,1.0,turn_right
sensory,64,147,1,0.16666666666666666,0.0,0.09561752988047809,0.09561752988047809,0.0,walk_forward
sensory,65,573,10,0.6203703703703703,0.0,0.4900398406374502,0.4900398406374502,0.0,turn_right
sensory,66,260,4,0.19444444444444445,0.0,0.26294820717131473,0.26294820717131473,1.0,turn_right
sensory,67,147,1,0.16666666666666666,0.0,0.09561752988047809,0.09561752988047809,0.0,walk_forward
sensory,68,573,10,0.6203703703703703,0.0,0.4900398406374502,0.4900398406374502,0.0,turn_right
sensory,69,260,4,0.19444444444444445,0.0,0.26294820717131473,0.26294820717131473,1.0,turn_right
sensory,70,147,1,0.16666666666666666,0.0,0.09561752988047809,0.09561752988047809,0.0,walk_forward
sensory,71,573,10,0.6203703703703703,0.0,0.4900398406374502,0.4900398406374502,0.0,turn_right
sensory,72,260,4,0.19444444444444445,0.0,0.26294820717131473,0.26294820717131473,1.0,turn_right
sensory,73,147,1,0.16666666666666666,0.0,0.09561752988047809,0.09561752988047809,0.0,walk_forward
sensory,74,573,10,0.6203703703703703,0.0,0.4900398406374502,0.4900398406374502,0.0,turn_right
sensory,75,260,4,0.19444444444444445,0.0,0.26294820717131473,0.26294820717131473,1.0,turn_right
sensory,76,147,1,0.16666666666666666,0.0,0.09561752988047809,0.09561752988047809,0.0,walk_forward
sensory,77,573,10,0.6203703703703703,0.0,0.4900398406374502,0.4900398406374502,0.0,turn_right
sensory,78,260,4,0.19444444444444445,0.0,0.26294820717131473,0.26294820717131473,1.0,turn_right
sensory,79,147,1,0.16666666666666666,0.0,0.09561752988047809,0.09561752988047809,0.0,walk_forward
sensory,80,573,10,0.6203703703703703,0.0,0.4900398406374502,0.4900398406374502,0.0,turn_right
sensory,81,260,4,0.19444444444444445,0.0,0.26294820717131473,0.26294820717131473,1.0,turn_right
sensory,82,147,1,0.16666666666666666,0.0,0.09561752988047809,0.09561752988047809,0.0,walk_forward
sensory,83,573,10,0.6203703703703703,0.0,0.4900398406374502,0.4900398406374502,0.0,turn_right
sensory,84,260,4,0.19444444444444445,0.0,0.26294820717131473,0.26294820717131473,1.0,turn_right
sensory,85,147,1,0.16666666666666666,0.0,0.09561752988047809,0.09561752988047809,0.0,walk_forward
sensory,86,573,10,0.6203703703703703,0.0,0.4900398406374502,0.4900398406374502,0.0,turn_right
sensory,87,260,4,0.19444444444444445,0.0,0.26294820717131473,0.26294820717131473,1.0,turn_right
sensory,88,147,1,0.16666666666666666,0.0,0.09561752988047809,0.09561752988047809,0.0,walk_forward
sensory,89,573,10,0.6203703703703703,0.0,0.4900398406374502,0.4900398406374502,0.0,turn_right
sensory,90,260,4,0.19444444444444445,0.0,0.26294820717131473,0.26294820717131473,1.0,turn_right
sensory,91,147,1,0.16666666666666666,0.0,0.09561752988047809,0.09561752988047809,0.0,walk_forward
sensory,92,573,10,0.6203703703703703,0.0,0.4900398406374502,0.4900398406374502,0.0,turn_right
sensory,93,260,4,0.19444444444444445,0.0,0.26294820717131473,0.26294820717131473,1.0,turn_right
sensory,94,147,1,0.16666666666666666,0.0,0.09561752988047809,0.09561752988047809,0.0,walk_forward
sensory,95,573,10,0.6203703703703703,0.0,0.4900398406374502,0.4900398406374502,0.0,turn_right
sensory,96,260,4,0.19444444444444445,0.0,0.26294820717131473,0.26294820717131473,1.0,turn_right
sensory,97,147,1,0.16666666666666666,0.0,0.09561752988047809,0.09561752988047809,0.0,walk_forward
sensory,98,573,10,0.6203703703703703,0.0,0.4900398406374502,0.4900398406374502,0.0,turn_right
sensory,99,260,4,0.19444444444444445,0.0,0.26294820717131473,0.26294820717131473,1.0,turn_right
sensory,100,147,1,0.16666666666666666,0.0,0.09561752988047809,0.09561752988047809,0.0,walk_forward
sensory,101,573,10,0.6203703703703703,0.0,0.4900398406374502,0.4900398406374502,0.0,turn_right
sensory,102,260,4,0.19444444444444445,0.0,0.26294820717131473,0.26294820717131473,1.0,turn_right
sensory,103,147,1,0.16666666666666666,0.0,0.09561752988047809,0.09561752988047809,0.0,walk_forward
sensory,104,573,10,0.6203703703703703,0.0,0.4900398406374502,0.4900398406374502,0.0,turn_right
sensory,105,260,4,0.19444444444444445,0.0,0.26294820717131473,0.26294820717131473,1.0,turn_right
sensory,106,147,1,0.16666666666666666,0.0,0.09561752988047809,0.09561752988047809,0.0,walk_forward
sensory,107,573,10,0.6203703703703703,0.0,0.4900398406374502,0.4900398406374502,0.0,turn_right
sensory,108,260,4,0.19444444444444445,0.0,0.26294820717131473,0.26294820717131473,1.0,turn_right
sensory,109,147,1,0.16666666666666666,0.0,0.09561752988047809,0.09561752988047809,0.0,walk_forward
sensory,110,573,10,0.6203703703703703,0.0,0.4900398406374502,0.4900398406374502,0.0,turn_right
sensory,111,260,4,0.19444444444444445,0.0,0.26294820717131473,0.26294820717131473,1.0,turn_right
sensory,112,147,1,0.16666666666666666,0.0,0.09561752988047809,0.09561752988047809,0.0,walk_forward
sensory,113,573,10,0.6203703703703703,0.0,0.4900398406374502,0.4900398406374502,0.0,turn_right
sensory,114,260,4,0.19444444444444445,0.0,0.26294820717131473,0.26294820717131473,1.0,turn_right
sensory,115,147,1,0.16666666666666666,0.0,0.09561752988047809,0.09561752988047809,0.0,walk_forward
sensory,116,573,10,0.6203703703703703,0.0,0.4900398406374502,0.4900398406374502,0.0,turn_right
sensory,117,260,4,0.19444444444444445,0.0,0.26294820717131473,0.26294820717131473,1.0,turn_right
sensory,118,147,1,0.16666666666666666,0.0,0.09561752988047809,0.09561752988047809,0.0,walk_forward
sensory,119,573,10,0.6203703703703703,0.0,0.4900398406374502,0.4900398406374502,0.0,turn_right
sensory,120,260,4,0.19444444444444445,0.0,0.26294820717131473,0.26294820717131473,1.0,turn_right
sensory,121,147,1,0.16666666666666666,0.0,0.09561752988047809,0.09561752988047809,0.0,walk_forward
sensory,122,573,10,0.6203703703703703,0.0,0.4900398406374502,0.4900398406374502,0.0,turn_right
sensory,123,260,4,0.19444444444444445,0.0,0.26294820717131473,0.26294820717131473,1.0,turn_right
sensory,124,147,1,0.16666666666666666,0.0,0.09561752988047809,0.09561752988047809,0.0,walk_forward
sensory,125,573,10,0.6203703703703703,0.0,0.4900398406374502,0.4900398406374502,0.0,turn_right
sensory,126,260,4,0.19444444444444445,0.0,0.26294820717131473,0.26294820717131473,1.0,turn_right
sensory,127,147,1,0.16666666666666666,0.0,0.09561752988047809,0.09561752988047809,0.0,walk_forward
sensory,128,573,10,0.6203703703703703,0.0,0.4900398406374502,0.4900398406374502,0.0,turn_right
sensory,129,260,4,0.19444444444444445,0.0,0.26294820717131473,0.26294820717131473,1.0,turn_right
sensory,130,147,1,0.16666666666666666,0.0,0.09561752988047809,0.09561752988047809,0.0,walk_forward
sensory,131,573,10,0.6203703703703703,0.0,0.4900398406374502,0.4900398406374502,0.0,turn_right
sensory,132,260,4,0.19444444444444445,0.0,0.26294820717131473,0.26294820717131473,1.0,turn_right
sensory,133,147,1,0.16666666666666666,0.0,0.09561752988047809,0.09561752988047809,0.0,walk_forward
sensory,134,573,10,0.6203703703703703,0.0,0.4900398406374502,0.4900398406374502,0.0,turn_right
sensory,135,260,4,0.19444444444444445,0.0,0.26294820717131473,0.26294820717131473,1.0,turn_right
sensory,136,147,1,0.16666666666666666,0.0,0.09561752988047809,0.09561752988047809,0.0,walk_forward
sensory,137,573,10,0.6203703703703703,0.0,0.4900398406374502,0.4900398406374502,0.0,turn_right
sensory,138,260,4,0.19444444444444445,0.0,0.26294820717131473,0.26294820717131473,1.0,turn_right
sensory,139,147,1,0.16666666666666666,0.0,0.09561752988047809,0.09561752988047809,0.0,walk_forward
sensory,140,573,10,0.6203703703703703,0.0,0.4900398406374502,0.4900398406374502,0.0,turn_right
sensory,141,260,4,0.19444444444444445,0.0,0.26294820717131473,0.26294820717131473,1.0,turn_right
sensory,142,147,1,0.16666666666666666,0.0,0.09561752988047809,0.09561752988047809,0.0,walk_forward
sensory,143,573,10,0.6203703703703703,0.0,0.4900398406374502,0.4900398406374502,0.0,turn_right
sensory,144,260,4,0.19444444444444445,0.0,0.26294820717131473,0.26294820717131473,1.0,turn_right
sensory,145,147,1,0.16666666666666666,0.0,0.09561752988047809,0.09561752988047809,0.0,walk_forward
sensory,146,573,10,0.6203703703703703,0.0,0.4900398406374502,0.4900398406374502,0.0,turn_right
sensory,147,260,4,0.19444444444444445,0.0,0.26294820717131473,0.26294820717131473,1.0,turn_right
sensory,148,147,1,0.16666666666666666,0.0,0.09561752988047809,0.09561752988047809,0.0,walk_forward
sensory,149,573,10,0.6203703703703703,0.0,0.4900398406374502,0.4900398406374502,0.0,turn_right
sensory,150,260,4,0.19444444444444445,0.0,0.26294820717131473,0.26294820717131473,1.0,turn_right
sensory,151,147,1,0.16666666666666666,0.0,0.09561752988047809,0.09561752988047809,0.0,walk_forward
sensory,152,573,10,0.6203703703703703,0.0,0.4900398406374502,0.4900398406374502,0.0,turn_right
sensory,153,260,4,0.19444444444444445,0.0,0.26294820717131473,0.26294820717131473,1.0,turn_right
sensory,154,147,1,0.16666666666666666,0.0,0.09561752988047809,0.09561752988047809,0.0,walk_forward
sensory,155,573,10,0.6203703703703703,0.0,0.4900398406374502,0.4900398406374502,0.0,turn_right
sensory,156,260,4,0.19444444444444445,0.0,0.26294820717131473,0.26294820717131473,1.0,turn_right
sensory,157,147,1,0.16666666666666666,0.0,0.09561752988047809,0.09561752988047809,0.0,walk_forward
sensory,158,573,10,0.6203703703703703,0.0,0.4900398406374502,0.4900398406374502,0.0,turn_right
sensory,159,260,4,0.19444444444444445,0.0,0.26294820717131473,0.26294820717131473,1.0,turn_right
sensory,160,147,1,0.16666666666666666,0.0,0.09561752988047809,0.09561752988047809,0.0,walk_forward
sensory,161,573,10,0.6203703703703703,0.0,0.4900398406374502,0.4900398406374502,0.0,turn_right
sensory,162,260,4,0.19444444444444445,0.0,0.26294820717131473,0.26294820717131473,1.0,turn_right
sensory,163,147,1,0.16666666666666666,0.0,0.09561752988047809,0.09561752988047809,0.0,walk_forward
sensory,164,573,10,0.6203703703703703,0.0,0.4900398406374502,0.4900398406374502,0.0,turn_right
sensory,165,260,4,0.19444444444444445,0.0,0.26294820717131473,0.26294820717131473,1.0,turn_right
sensory,166,147,1,0.16666666666666666,0.0,0.09561752988047809,0.09561752988047809,0.0,walk_forward
sensory,167,573,10,0.6203703703703703,0.0,0.4900398406374502,0.4900398406374502,0.0,turn_right
sensory,168,260,4,0.19444444444444445,0.0,0.26294820717131473,0.26294820717131473,1.0,turn_right
sensory,169,147,1,0.16666666666666666,0.0,0.09561752988047809,0.09561752988047809,0.0,walk_forward
sensory,170,573,10,0.6203703703703703,0.0,0.4900398406374502,0.4900398406374502,0.0,turn_right
sensory,171,260,4,0.19444444444444445,0.0,0.26294820717131473,0.26294820717131473,1.0,turn_right
sensory,172,147,1,0.16666666666666666,0.0,0.09561752988047809,0.09561752988047809,0.0,walk_forward
sensory,173,573,10,0.6203703703703703,0.0,0.4900398406374502,0.4900398406374502,0.0,turn_right
sensory,174,260,4,0.19444444444444445,0.0,0.26294820717131473,0.26294820717131473,1.0,turn_right
sensory,175,147,1,0.16666666666666666,0.0,0.09561752988047809,0.09561752988047809,0.0,walk_forward
sensory,176,573,10,0.6203703703703703,0.0,0.4900398406374502,0.4900398406374502,0.0,turn_right
sensory,177,260,4,0.19444444444444445,0.0,0.26294820717131473,0.26294820717131473,1.0,turn_right
sensory,178,147,1,0.16666666666666666,0.0,0.09561752988047809,0.09561752988047809,0.0,walk_forward
sensory,179,573,10,0.6203703703703703,0.0,0.4900398406374502,0.4900398406374502,0.0,turn_right
sensory,180,260,4,0.19444444444444445,0.0,0.26294820717131473,0.26294820717131473,1.0,turn_right
sensory,181,147,1,0.16666666666666666,0.0,0.09561752988047809,0.09561752988047809,0.0,walk_forward
sensory,182,573,10,0.6203703703703703,0.0,0.4900398406374502,0.4900398406374502,0.0,turn_right
sensory,183,260,4,0.19444444444444445,0.0,0.26294820717131473,0.26294820717131473,1.0,turn_right
sensory,184,147,1,0.16666666666666666,0.0,0.09561752988047809,0.09561752988047809,0.0,walk_forward
sensory,185,573,10,0.6203703703703703,0.0,0.4900398406374502,0.4900398406374502,0.0,turn_right
sensory,186,260,4,0.19444444444444445,0.0,0.26294820717131473,0.26294820717131473,1.0,turn_right
sensory,187,147,1,0.16666666666666666,0.0,0.09561752988047809,0.09561752988047809,0.0,walk_forward
sensory,188,573,10,0.6203703703703703,0.0,0.4900398406374502,0.4900398406374502,0.0,turn_right
sensory,189,260,4,0.19444444444444445,0.0,0.26294820717131473,0.26294820717131473,1.0,turn_right
sensory,190,147,1,0.16666666666666666,0.0,0.09561752988047809,0.09561752988047809,0.0,walk_forward
sensory,191,573,10,0.6203703703703703,0.0,0.4900398406374502,0.4900398406374502,0.0,turn_right
sensory,192,260,4,0.19444444444444445,0.0,0.26294820717131473,0.26294820717131473,1.0,turn_right
sensory,193,147,1,0.16666666666666666,0.0,0.09561752988047809,0.09561752988047809,0.0,walk_forward
sensory,194,573,10,0.6203703703703703,0.0,0.4900398406374502,0.4900398406374502,0.0,turn_right
sensory,195,260,4,0.19444444444444445,0.0,0.26294820717131473,0.26294820717131473,1.0,turn_right
sensory,196,147,1,0.16666666666666666,0.0,0.09561752988047809,0.09561752988047809,0.0,walk_forward
sensory,197,573,10,0.6203703703703703,0.0,0.4900398406374502,0.4900398406374502,0.0,turn_right
sensory,198,260,4,0.19444444444444445,0.0,0.26294820717131473,0.26294820717131473,1.0,turn_right
sensory,199,147,1,0.16666666666666666,0.0,0.09561752988047809,0.09561752988047809,0.0,walk_forward
sensory,200,573,10,0.6203703703703703,0.0,0.4900398406374502,0.4900398406374502,0.0,turn_right
ascending,0,50,0,0.0,0.0,0.0,0.0,0.0,rest
ascending,1,436,14,0.22044728434504793,0.0,0.1618798955613577,0.1618798955613577,0.0,turn_right
ascending,2,1864,20,0.597444089456869,0.0,0.6488250652741514,0.6488250652741514,1.0,turn_right
ascending,3,393,5,0.08626198083067092,0.0,0.1227154046997389,0.1227154046997389,0.0,turn_right
ascending,4,446,14,0.22044728434504793,0.0,0.16579634464751958,0.16579634464751958,0.0,turn_right
ascending,5,1867,20,0.597444089456869,0.0,0.6488250652741514,0.6488250652741514,1.0,turn_right
ascending,6,396,5,0.08626198083067092,0.0,0.12532637075718014,0.12532637075718014,0.0,turn_right
ascending,7,446,14,0.22044728434504793,0.0,0.16579634464751958,0.16579634464751958,0.0,turn_right
ascending,8,1867,20,0.597444089456869,0.0,0.6488250652741514,0.6488250652741514,1.0,turn_right
ascending,9,396,5,0.08626198083067092,0.0,0.12532637075718014,0.12532637075718014,0.0,turn_right
ascending,10,446,14,0.22044728434504793,0.0,0.16579634464751958,0.16579634464751958,0.0,turn_right
ascending,11,1867,20,0.597444089456869,0.0,0.6488250652741514,0.6488250652741514,1.0,turn_right
ascending,12,396,5,0.08626198083067092,0.0,0.12532637075718014,0.12532637075718014,0.0,turn_right
ascending,13,446,14,0.22044728434504793,0.0,0.16579634464751958,0.16579634464751958,0.0,turn_right
ascending,14,1867,20,0.597444089456869,0.0,0.6488250652741514,0.6488250652741514,1.0,turn_right
ascending,15,396,5,0.08626198083067092,0.0,0.12532637075718014,0.12532637075718014,0.0,turn_right
ascending,16,446,14,0.22044728434504793,0.0,0.16579634464751958,0.16579634464751958,0.0,turn_right
ascending,17,1867,20,0.597444089456869,0.0,0.6488250652741514,0.6488250652741514,1.0,turn_right
ascending,18,396,5,0.08626198083067092,0.0,0.12532637075718014,0.12532637075718014,0.0,turn_right
ascending,19,446,14,0.22044728434504793,0.0,0.16579634464751958,0.16579634464751958,0.0,turn_right
ascending,20,1867,20,0.597444089456869,0.0,0.6488250652741514,0.6488250652741514,1.0,turn_right
ascending,21,396,5,0.08626198083067092,0.0,0.12532637075718014,0.12532637075718014,0.0,turn_right
ascending,22,446,14,0.22044728434504793,0.0,0.16579634464751958,0.16579634464751958,0.0,turn_right
ascending,23,1867,20,0.597444089456869,0.0,0.6488250652741514,0.6488250652741514,1.0,turn_right
ascending,24,396,5,0.08626198083067092,0.0,0.12532637075718014,0.12532637075718014,0.0,turn_right
ascending,25,446,14,0.22044728434504793,0.0,0.16579634464751958,0.16579634464751958,0.0,turn_right
ascending,26,1867,20,0.597444089456869,0.0,0.6488250652741514,0.6488250652741514,1.0,turn_right
ascending,27,396,5,0.08626198083067092,0.0,0.12532637075718014,0.12532637075718014,0.0,turn_right
ascending,28,446,14,0.22044728434504793,0.0,0.16579634464751958,0.16579634464751958,0.0,turn_right
ascending,29,1867,20,0.597444089456869,0.0,0.6488250652741514,0.6488250652741514,1.0,turn_right
ascending,30,396,5,0.08626198083067092,0.0,0.12532637075718014,0.12532637075718014,0.0,turn_right
ascending,31,446,14,0.22044728434504793,0.0,0.16579634464751958,0.16579634464751958,0.0,turn_right
ascending,32,1867,20,0.597444089456869,0.0,0.6488250652741514,0.6488250652741514,1.0,turn_right
ascending,33,396,5,0.08626198083067092,0.0,0.12532637075718014,0.12532637075718014,0.0,turn_right
ascending,34,446,14,0.22044728434504793,0.0,0.16579634464751958,0.16579634464751958,0.0,turn_right
ascending,35,1867,20,0.597444089456869,0.0,0.6488250652741514,0.6488250652741514,1.0,turn_right
ascending,36,396,5,0.08626198083067092,0.0,0.12532637075718014,0.12532637075718014,0.0,turn_right
ascending,37,446,14,0.22044728434504793,0.0,0.16579634464751958,0.16579634464751958,0.0,turn_right
ascending,38,1867,20,0.597444089456869,0.0,0.6488250652741514,0.6488250652741514,1.0,turn_right
ascending,39,396,5,0.08626198083067092,0.0,0.12532637075718014,0.12532637075718014,0.0,turn_right
ascending,40,446,14,0.22044728434504793,0.0,0.16579634464751958,0.16579634464751958,0.0,turn_right
ascending,41,1867,20,0.597444089456869,0.0,0.6488250652741514,0.6488250652741514,1.0,turn_right
ascending,42,396,5,0.08626198083067092,0.0,0.12532637075718014,0.12532637075718014,0.0,turn_right
ascending,43,446,14,0.22044728434504793,0.0,0.16579634464751958,0.16579634464751958,0.0,turn_right
ascending,44,1867,20,0.597444089456869,0.0,0.6488250652741514,0.6488250652741514,1.0,turn_right
ascending,45,396,5,0.08626198083067092,0.0,0.12532637075718014,0.12532637075718014,0.0,turn_right
ascending,46,446,14,0.22044728434504793,0.0,0.16579634464751958,0.16579634464751958,0.0,turn_right
ascending,47,1867,20,0.597444089456869,0.0,0.6488250652741514,0.6488250652741514,1.0,turn_right
ascending,48,396,5,0.08626198083067092,0.0,0.12532637075718014,0.12532637075718014,0.0,turn_right
ascending,49,446,14,0.22044728434504793,0.0,0.16579634464751958,0.16579634464751958,0.0,turn_right
ascending,50,1867,20,0.597444089456869,0.0,0.6488250652741514,0.6488250652741514,1.0,turn_right
ascending,51,396,5,0.08626198083067092,0.0,0.12532637075718014,0.12532637075718014,0.0,turn_right
ascending,52,446,14,0.22044728434504793,0.0,0.16579634464751958,0.16579634464751958,0.0,turn_right
ascending,53,1867,20,0.597444089456869,0.0,0.6488250652741514,0.6488250652741514,1.0,turn_right
ascending,54,396,5,0.08626198083067092,0.0,0.12532637075718014,0.12532637075718014,0.0,turn_right
ascending,55,446,14,0.22044728434504793,0.0,0.16579634464751958,0.16579634464751958,0.0,turn_right
ascending,56,1867,20,0.597444089456869,0.0,0.6488250652741514,0.6488250652741514,1.0,turn_right
ascending,57,396,5,0.08626198083067092,0.0,0.12532637075718014,0.12532637075718014,0.0,turn_right
ascending,58,446,14,0.22044728434504793,0.0,0.16579634464751958,0.16579634464751958,0.0,turn_right
ascending,59,1867,20,0.597444089456869,0.0,0.6488250652741514,0.6488250652741514,1.0,turn_right
ascending,60,396,5,0.08626198083067092,0.0,0.12532637075718014,0.12532637075718014,0.0,turn_right
ascending,61,446,14,0.22044728434504793,0.0,0.16579634464751958,0.16579634464751958,0.0,turn_right
ascending,62,1867,20,0.597444089456869,0.0,0.6488250652741514,0.6488250652741514,1.0,turn_right
ascending,63,396,5,0.08626198083067092,0.0,0.12532637075718014,0.12532637075718014,0.0,turn_right
ascending,64,446,14,0.22044728434504793,0.0,0.16579634464751958,0.16579634464751958,0.0,turn_right
ascending,65,1867,20,0.597444089456869,0.0,0.6488250652741514,0.6488250652741514,1.0,turn_right
ascending,66,396,5,0.08626198083067092,0.0,0.12532637075718014,0.12532637075718014,0.0,turn_right
ascending,67,446,14,0.22044728434504793,0.0,0.16579634464751958,0.16579634464751958,0.0,turn_right
ascending,68,1867,20,0.597444089456869,0.0,0.6488250652741514,0.6488250652741514,1.0,turn_right
ascending,69,396,5,0.08626198083067092,0.0,0.12532637075718014,0.12532637075718014,0.0,turn_right
ascending,70,446,14,0.22044728434504793,0.0,0.16579634464751958,0.16579634464751958,0.0,turn_right
ascending,71,1867,20,0.597444089456869,0.0,0.6488250652741514,0.6488250652741514,1.0,turn_right
ascending,72,396,5,0.08626198083067092,0.0,0.12532637075718014,0.12532637075718014,0.0,turn_right
ascending,73,446,14,0.22044728434504793,0.0,0.16579634464751958,0.16579634464751958,0.0,turn_right
ascending,74,1867,20,0.597444089456869,0.0,0.6488250652741514,0.6488250652741514,1.0,turn_right
ascending,75,396,5,0.08626198083067092,0.0,0.12532637075718014,0.12532637075718014,0.0,turn_right
ascending,76,446,14,0.22044728434504793,0.0,0.16579634464751958,0.16579634464751958,0.0,turn_right
ascending,77,1867,20,0.597444089456869,0.0,0.6488250652741514,0.6488250652741514,1.0,turn_right
ascending,78,396,5,0.08626198083067092,0.0,0.12532637075718014,0.12532637075718014,0.0,turn_right
ascending,79,446,14,0.22044728434504793,0.0,0.16579634464751958,0.16579634464751958,0.0,turn_right
ascending,80,1867,20,0.597444089456869,0.0,0.6488250652741514,0.6488250652741514,1.0,turn_right
ascending,81,396,5,0.08626198083067092,0.0,0.12532637075718014,0.12532637075718014,0.0,turn_right
ascending,82,446,14,0.22044728434504793,0.0,0.16579634464751958,0.16579634464751958,0.0,turn_right
ascending,83,1867,20,0.597444089456869,0.0,0.6488250652741514,0.6488250652741514,1.0,turn_right
ascending,84,396,5,0.08626198083067092,0.0,0.12532637075718014,0.12532637075718014,0.0,turn_right
ascending,85,446,14,0.22044728434504793,0.0,0.16579634464751958,0.16579634464751958,0.0,turn_right
ascending,86,1867,20,0.597444089456869,0.0,0.6488250652741514,0.6488250652741514,1.0,turn_right
ascending,87,396,5,0.08626198083067092,0.0,0.12532637075718014,0.12532637075718014,0.0,turn_right
ascending,88,446,14,0.22044728434504793,0.0,0.16579634464751958,0.16579634464751958,0.0,turn_right
ascending,89,1867,20,0.597444089456869,0.0,0.6488250652741514,0.6488250652741514,1.0,turn_right
ascending,90,396,5,0.08626198083067092,0.0,0.12532637075718014,0.12532637075718014,0.0,turn_right
ascending,91,446,14,0.22044728434504793,0.0,0.16579634464751958,0.16579634464751958,0.0,turn_right
ascending,92,1867,20,0.597444089456869,0.0,0.6488250652741514,0.6488250652741514,1.0,turn_right
ascending,93,396,5,0.08626198083067092,0.0,0.12532637075718014,0.12532637075718014,0.0,turn_right
ascending,94,446,14,0.22044728434504793,0.0,0.16579634464751958,0.16579634464751958,0.0,turn_right
ascending,95,1867,20,0.597444089456869,0.0,0.6488250652741514,0.6488250652741514,1.0,turn_right
ascending,96,396,5,0.08626198083067092,0.0,0.12532637075718014,0.12532637075718014,0.0,turn_right
ascending,97,446,14,0.22044728434504793,0.0,0.16579634464751958,0.16579634464751958,0.0,turn_right
ascending,98,1867,20,0.597444089456869,0.0,0.6488250652741514,0.6488250652741514,1.0,turn_right
ascending,99,396,5,0.08626198083067092,0.0,0.12532637075718014,0.12532637075718014,0.0,turn_right
ascending,100,446,14,0.22044728434504793,0.0,0.16579634464751958,0.16579634464751958,0.0,turn_right
ascending,101,1867,20,0.597444089456869,0.0,0.6488250652741514,0.6488250652741514,1.0,turn_right
ascending,102,396,5,0.08626198083067092,0.0,0.12532637075718014,0.12532637075718014,0.0,turn_right
ascending,103,446,14,0.22044728434504793,0.0,0.16579634464751958,0.16579634464751958,0.0,turn_right
ascending,104,1867,20,0.597444089456869,0.0,0.6488250652741514,0.6488250652741514,1.0,turn_right
ascending,105,396,5,0.08626198083067092,0.0,0.12532637075718014,0.12532637075718014,0.0,turn_right
ascending,106,446,14,0.22044728434504793,0.0,0.16579634464751958,0.16579634464751958,0.0,turn_right
ascending,107,1867,20,0.597444089456869,0.0,0.6488250652741514,0.6488250652741514,1.0,turn_right
ascending,108,396,5,0.08626198083067092,0.0,0.12532637075718014,0.12532637075718014,0.0,turn_right
ascending,109,446,14,0.22044728434504793,0.0,0.16579634464751958,0.16579634464751958,0.0,turn_right
ascending,110,1867,20,0.597444089456869,0.0,0.6488250652741514,0.6488250652741514,1.0,turn_right
ascending,111,396,5,0.08626198083067092,0.0,0.12532637075718014,0.12532637075718014,0.0,turn_right
ascending,112,446,14,0.22044728434504793,0.0,0.16579634464751958,0.16579634464751958,0.0,turn_right
ascending,113,1867,20,0.597444089456869,0.0,0.6488250652741514,0.6488250652741514,1.0,turn_right
ascending,114,396,5,0.08626198083067092,0.0,0.12532637075718014,0.12532637075718014,0.0,turn_right
ascending,115,446,14,0.22044728434504793,0.0,0.16579634464751958,0.16579634464751958,0.0,turn_right
ascending,116,1867,20,0.597444089456869,0.0,0.6488250652741514,0.6488250652741514,1.0,turn_right
ascending,117,396,5,0.08626198083067092,0.0,0.12532637075718014,0.12532637075718014,0.0,turn_right
ascending,118,446,14,0.22044728434504793,0.0,0.16579634464751958,0.16579634464751958,0.0,turn_right
ascending,119,1867,20,0.597444089456869,0.0,0.6488250652741514,0.6488250652741514,1.0,turn_right
ascending,120,396,5,0.08626198083067092,0.0,0.12532637075718014,0.12532637075718014,0.0,turn_right
ascending,121,446,14,0.22044728434504793,0.0,0.16579634464751958,0.16579634464751958,0.0,turn_right
ascending,122,1867,20,0.597444089456869,0.0,0.6488250652741514,0.6488250652741514,1.0,turn_right
ascending,123,396,5,0.08626198083067092,0.0,0.12532637075718014,0.12532637075718014,0.0,turn_right
ascending,124,446,14,0.22044728434504793,0.0,0.16579634464751958,0.16579634464751958,0.0,turn_right
ascending,125,1867,20,0.597444089456869,0.0,0.6488250652741514,0.6488250652741514,1.0,turn_right
ascending,126,396,5,0.08626198083067092,0.0,0.12532637075718014,0.12532637075718014,0.0,turn_right
ascending,127,446,14,0.22044728434504793,0.0,0.16579634464751958,0.16579634464751958,0.0,turn_right
ascending,128,1867,20,0.597444089456869,0.0,0.6488250652741514,0.6488250652741514,1.0,turn_right
ascending,129,396,5,0.08626198083067092,0.0,0.12532637075718014,0.12532637075718014,0.0,turn_right
ascending,130,446,14,0.22044728434504793,0.0,0.16579634464751958,0.16579634464751958,0.0,turn_right
ascending,131,1867,20,0.597444089456869,0.0,0.6488250652741514,0.6488250652741514,1.0,turn_right
ascending,132,396,5,0.08626198083067092,0.0,0.12532637075718014,0.12532637075718014,0.0,turn_right
ascending,133,446,14,0.22044728434504793,0.0,0.16579634464751958,0.16579634464751958,0.0,turn_right
ascending,134,1867,20,0.597444089456869,0.0,0.6488250652741514,0.6488250652741514,1.0,turn_right
ascending,135,396,5,0.08626198083067092,0.0,0.12532637075718014,0.12532637075718014,0.0,turn_right
ascending,136,446,14,0.22044728434504793,0.0,0.16579634464751958,0.16579634464751958,0.0,turn_right
ascending,137,1867,20,0.597444089456869,0.0,0.6488250652741514,0.6488250652741514,1.0,turn_right
ascending,138,396,5,0.08626198083067092,0.0,0.12532637075718014,0.12532637075718014,0.0,turn_right
ascending,139,446,14,0.22044728434504793,0.0,0.16579634464751958,0.16579634464751958,0.0,turn_right
ascending,140,1867,20,0.597444089456869,0.0,0.6488250652741514,0.6488250652741514,1.0,turn_right
ascending,141,396,5,0.08626198083067092,0.0,0.12532637075718014,0.12532637075718014,0.0,turn_right
ascending,142,446,14,0.22044728434504793,0.0,0.16579634464751958,0.16579634464751958,0.0,turn_right
ascending,143,1867,20,0.597444089456869,0.0,0.6488250652741514,0.6488250652741514,1.0,turn_right
ascending,144,396,5,0.08626198083067092,0.0,0.12532637075718014,0.12532637075718014,0.0,turn_right
ascending,145,446,14,0.22044728434504793,0.0,0.16579634464751958,0.16579634464751958,0.0,turn_right
ascending,146,1867,20,0.597444089456869,0.0,0.6488250652741514,0.6488250652741514,1.0,turn_right
ascending,147,396,5,0.08626198083067092,0.0,0.12532637075718014,0.12532637075718014,0.0,turn_right
ascending,148,446,14,0.22044728434504793,0.0,0.16579634464751958,0.16579634464751958,0.0,turn_right
ascending,149,1867,20,0.597444089456869,0.0,0.6488250652741514,0.6488250652741514,1.0,turn_right
ascending,150,396,5,0.08626198083067092,0.0,0.12532637075718014,0.12532637075718014,0.0,turn_right
ascending,151,446,14,0.22044728434504793,0.0,0.16579634464751958,0.16579634464751958,0.0,turn_right
ascending,152,1867,20,0.597444089456869,0.0,0.6488250652741514,0.6488250652741514,1.0,turn_right
ascending,153,396,5,0.08626198083067092,0.0,0.12532637075718014,0.12532637075718014,0.0,turn_right
ascending,154,446,14,0.22044728434504793,0.0,0.16579634464751958,0.16579634464751958,0.0,turn_right
ascending,155,1867,20,0.597444089456869,0.0,0.6488250652741514,0.6488250652741514,1.0,turn_right
ascending,156,396,5,0.08626198083067092,0.0,0.12532637075718014,0.12532637075718014,0.0,turn_right
ascending,157,446,14,0.22044728434504793,0.0,0.16579634464751958,0.16579634464751958,0.0,turn_right
ascending,158,1867,20,0.597444089456869,0.0,0.6488250652741514,0.6488250652741514,1.0,turn_right
ascending,159,396,5,0.08626198083067092,0.0,0.12532637075718014,0.12532637075718014,0.0,turn_right
ascending,160,446,14,0.22044728434504793,0.0,0.16579634464751958,0.16579634464751958,0.0,turn_right
ascending,161,1867,20,0.597444089456869,0.0,0.6488250652741514,0.6488250652741514,1.0,turn_right
ascending,162,396,5,0.08626198083067092,0.0,0.12532637075718014,0.12532637075718014,0.0,turn_right
ascending,163,446,14,0.22044728434504793,0.0,0.16579634464751958,0.16579634464751958,0.0,turn_right
ascending,164,1867,20,0.597444089456869,0.0,0.6488250652741514,0.6488250652741514,1.0,turn_right
ascending,165,396,5,0.08626198083067092,0.0,0.12532637075718014,0.12532637075718014,0.0,turn_right
ascending,166,446,14,0.22044728434504793,0.0,0.16579634464751958,0.16579634464751958,0.0,turn_right
ascending,167,1867,20,0.597444089456869,0.0,0.6488250652741514,0.6488250652741514,1.0,turn_right
ascending,168,396,5,0.08626198083067092,0.0,0.12532637075718014,0.12532637075718014,0.0,turn_right
ascending,169,446,14,0.22044728434504793,0.0,0.16579634464751958,0.16579634464751958,0.0,turn_right
ascending,170,1867,20,0.597444089456869,0.0,0.6488250652741514,0.6488250652741514,1.0,turn_right
ascending,171,396,5,0.08626198083067092,0.0,0.12532637075718014,0.12532637075718014,0.0,turn_right
ascending,172,446,14,0.22044728434504793,0.0,0.16579634464751958,0.16579634464751958,0.0,turn_right
ascending,173,1867,20,0.597444089456869,0.0,0.6488250652741514,0.6488250652741514,1.0,turn_right
ascending,174,396,5,0.08626198083067092,0.0,0.12532637075718014,0.12532637075718014,0.0,turn_right
ascending,175,446,14,0.22044728434504793,0.0,0.16579634464751958,0.16579634464751958,0.0,turn_right
ascending,176,1867,20,0.597444089456869,0.0,0.6488250652741514,0.6488250652741514,1.0,turn_right
ascending,177,396,5,0.08626198083067092,0.0,0.12532637075718014,0.12532637075718014,0.0,turn_right
ascending,178,446,14,0.22044728434504793,0.0,0.16579634464751958,0.16579634464751958,0.0,turn_right
ascending,179,1867,20,0.597444089456869,0.0,0.6488250652741514,0.6488250652741514,1.0,turn_right
ascending,180,396,5,0.08626198083067092,0.0,0.12532637075718014,0.12532637075718014,0.0,turn_right
ascending,181,446,14,0.22044728434504793,0.0,0.16579634464751958,0.16579634464751958,0.0,turn_right
ascending,182,1867,20,0.597444089456869,0.0,0.6488250652741514,0.6488250652741514,1.0,turn_right
ascending,183,396,5,0.08626198083067092,0.0,0.12532637075718014,0.12532637075718014,0.0,turn_right
ascending,184,446,14,0.22044728434504793,0.0,0.16579634464751958,0.16579634464751958,0.0,turn_right
ascending,185,1867,20,0.597444089456869,0.0,0.6488250652741514,0.6488250652741514,1.0,turn_right
ascending,186,396,5,0.08626198083067092,0.0,0.12532637075718014,0.12532637075718014,0.0,turn_right
ascending,187,446,14,0.22044728434504793,0.0,0.16579634464751958,0.16579634464751958,0.0,turn_right
ascending,188,1867,20,0.597444089456869,0.0,0.6488250652741514,0.6488250652741514,1.0,turn_right
ascending,189,396,5,0.08626198083067092,0.0,0.12532637075718014,0.12532637075718014,0.0,turn_right
ascending,190,446,14,0.22044728434504793,0.0,0.16579634464751958,0.16579634464751958,0.0,turn_right
ascending,191,1867,20,0.597444089456869,0.0,0.6488250652741514,0.6488250652741514,1.0,turn_right
ascending,192,396,5,0.08626198083067092,0.0,0.12532637075718014,0.12532637075718014,0.0,turn_right
ascending,193,446,14,0.22044728434504793,0.0,0.16579634464751958,0.16579634464751958,0.0,turn_right
ascending,194,1867,20,0.597444089456869,0.0,0.6488250652741514,0.6488250652741514,1.0,turn_right
ascending,195,396,5,0.08626198083067092,0.0,0.12532637075718014,0.12532637075718014,0.0,turn_right
ascending,196,446,14,0.22044728434504793,0.0,0.16579634464751958,0.16579634464751958,0.0,turn_right
ascending,197,1867,20,0.597444089456869,0.0,0.6488250652741514,0.6488250652741514,1.0,turn_right
ascending,198,396,5,0.08626198083067092,0.0,0.12532637075718014,0.12532637075718014,0.0,turn_right
ascending,199,446,14,0.22044728434504793,0.0,0.16579634464751958,0.16579634464751958,0.0,turn_right
ascending,200,1867,20,0.597444089456869,0.0,0.6488250652741514,0.6488250652741514,1.0,turn_right
