scenario,step,x,y,heading,target_x,target_y,distance_to_target,heading_error,abs_heading_error,left_drive,right_drive,turn_bias,requested_action,action,collision
left,0,15.0,10.0,0.0,15.0,20.0,10.0,1.5707963267948966,1.5707963267948966,0.017857142857142856,0.0,-0.017857142857142856,idle,idle,False
left,1,15.46968635642369,10.171448903727725,0.35,15.0,20.0,9.839767371510645,1.2685479538457844,1.2685479538457844,0.3392857142857143,0.07317073170731707,-0.2661149825783972,turn_left,turn_left,False
left,2,15.93937271284738,10.34289780745545,0.35,15.0,20.0,9.702682301863284,1.3177639911034404,1.3177639911034404,0.19642857142857142,0.2682926829268293,0.07186411149825786,walk_forward,walk_forward,False
left,3,16.43937271284738,10.34289780745545,0.0,15.0,20.0,9.76378085393862,1.7187551890365642,1.7187551890365642,0.39285714285714285,0.5853658536585366,0.1925087108013937,turn_right,turn_right,False
left,4,16.90905906927107,10.514346711183176,0.35,15.0,20.0,9.675852667626122,1.4194007488574196,1.4194007488574196,0.4107142857142857,0.14634146341463414,-0.26437282229965153,turn_left,turn_left,False
left,5,17.37874542569476,10.685795614910901,0.35,15.0,20.0,9.613159372832468,1.4708405317071218,1.4708405317071218,0.19642857142857142,0.2682926829268293,0.07186411149825786,walk_forward,walk_forward,False
left,6,17.87874542569476,10.685795614910901,0.0,15.0,20.0,9.748927046253423,1.8705537301778705,1.8705537301778705,0.39285714285714285,0.5853658536585366,0.1925087108013937,turn_right,turn_right,False
left,7,18.34843178211845,10.857244518638627,0.35,15.0,20.0,9.736630484488172,1.5718639076468084,1.5718639076468084,0.4107142857142857,0.14634146341463414,-0.26437282229965153,turn_left,turn_left,False
left,8,18.81811813854214,11.028693422366352,0.35,15.0,20.0,9.749993222036478,1.623168469345703,1.623168469345703,0.19642857142857142,0.2682926829268293,0.07186411149825786,walk_forward,walk_forward,False
left,9,19.31811813854214,11.028693422366352,0.0,15.0,20.0,9.956429378461909,2.0193929927477083,2.0193929927477083,0.39285714285714285,0.5853658536585366,0.1925087108013937,turn_right,turn_right,False
left,10,19.78780449496583,11.200142326094078,0.35,15.0,20.0,10.018012126316076,1.7190811383285038,1.7190811383285038,0.4107142857142857,0.14634146341463414,-0.26437282229965153,turn_left,turn_left,False
left,11,20.25749085138952,11.371591229821803,0.35,15.0,20.0,10.103991684365765,1.7680430357323957,1.7680430357323957,0.19642857142857142,0.2682926829268293,0.07186411149825786,walk_forward,walk_forward,False
left,12,20.75749085138952,11.371591229821803,0.0,15.0,20.0,10.372952270647062,2.1592175112469416,2.1592175112469416,0.39285714285714285,0.5853658536585366,0.1925087108013937,turn_right,turn_right,False
left,13,21.22717720781321,11.543040133549528,0.35,15.0,20.0,10.502280997967171,1.8554959812127385,1.8554959812127385,0.4107142857142857,0.14634146341463414,-0.26437282229965153,turn_left,turn_left,False
left,14,21.6968635642369,11.714489037277254,0.35,15.0,20.0,10.653528688251727,1.9005548025881098,1.9005548025881098,0.19642857142857142,0.2682926829268293,0.07186411149825786,walk_forward,walk_forward,False
left,15,22.1968635642369,11.714489037277254,0.0,15.0,20.0,10.974722642310349,2.2859947593171674,2.2859947593171674,0.39285714285714285,0.5853658536585366,0.1925087108013937,turn_right,turn_right,False
left,16,22.66654992066059,11.885937941004979,0.35,15.0,20.0,11.163063682663617,1.9778437371126651,1.9778437371126651,0.4107142857142857,0.14634146341463414,-0.26437282229965153,turn_left,turn_left,False
left,17,23.13623627708428,12.057386844732704,0.35,15.0,20.0,11.370287792785518,2.0182360087231594,2.0182360087231594,0.19642857142857142,0.2682926829268293,0.07186411149825786,walk_forward,walk_forward,False
left,18,23.63623627708428,12.057386844732704,0.0,15.0,20.0,11.733272381047481,2.3980079370308194,2.3980079370308194,0.39285714285714285,0.5853658536585366,0.1925087108013937,turn_right,turn_right,False
left,19,24.10592263350797,12.22883574846043,0.35,15.0,20.0,11.971166226890315,2.085117228803333,2.085117228803333,0.4107142857142857,0.14634146341463414,-0.26437282229965153,turn_left,turn_left,False
left,20,24.57560898993166,12.400284652188155,0.35,15.0,20.0,12.224891038198537,2.1207335420187863,2.1207335420187863,0.19642857142857142,0.2682926829268293,0.07186411149825786,walk_forward,walk_forward,False
left,21,25.07560898993166,12.400284652188155,0.0,15.0,20.0,12.620363302447302,2.4953652423843855,2.4953652423843855,0.39285714285714285,0.5853658536585366,0.1925087108013937,turn_right,turn_right,False
left,22,25.54529534635535,12.57173355591588,0.35,15.0,20.0,12.898930045014195,2.1779096028960523,2.1779096028960523,0.4107142857142857,0.14634146341463414,-0.26437282229965153,turn_left,turn_left,False
left,23,26.01498170277904,12.743182459643606,0.35,15.0,20.0,13.190573252386768,2.20904665130852,2.20904665130852,0.19642857142857142,0.2682926829268293,0.07186411149825786,walk_forward,walk_forward,False
left,24,26.51498170277904,12.743182459643606,0.0,15.0,20.0,13.610885512315512,2.579258020051911,2.579258020051911,0.39285714285714285,0.5853658536585366,0.1925087108013937,turn_right,turn_right,False
left,25,26.98466805920273,12.914631363371331,0.35,15.0,20.0,13.922453706376448,2.257666836256469,2.257666836256469,0.4107142857142857,0.14634146341463414,-0.26437282229965153,turn_left,turn_left,False
left,26,27.45435441562642,13.086080267099057,0.35,15.0,20.0,14.244761492669168,2.2848111740479378,2.2848111740479378,0.19642857142857142,0.2682926829268293,0.07186411149825786,walk_forward,walk_forward,False
left,27,27.95435441562642,13.086080267099057,0.0,15.0,20.0,14.683922650254488,2.6513390422270877,2.6513390422270877,0.39285714285714285,0.5853658536585366,0.1925087108013937,turn_right,turn_right,False
left,28,28.42404077205011,13.257529170826782,0.35,15.0,20.0,15.02217639131945,2.3261320104092986,2.3261320104092986,0.4107142857142857,0.14634146341463414,-0.26437282229965153,turn_left,turn_left,False
left,29,28.8937271284738,13.428978074554507,0.35,15.0,20.0,15.36925446029098,2.349819221470225,2.349819221470225,0.19642857142857142,0.2682926829268293,0.07186411149825786,walk_forward,walk_forward,False
left,30,29.3937271284738,13.428978074554507,0.0,15.0,20.0,15.822696034293523,2.713330076919704,2.713330076919704,0.39285714285714285,0.5853658536585366,0.1925087108013937,turn_right,turn_right,False
left,31,29.86341348489749,13.600426978282233,0.35,15.0,20.0,16.1825707254234,2.3850231156121886,2.3850231156121886,0.4107142857142857,0.14634146341463414,-0.26437282229965153,turn_left,turn_left,False
left,32,29.86341348489749,13.600426978282233,0.35,15.0,20.0,16.1825707254234,2.3850231156121886,2.3850231156121886,0.19642857142857142,0.2682926829268293,0.07186411149825786,walk_forward,rest,True
left,33,29.86341348489749,13.600426978282233,0.35,15.0,20.0,16.1825707254234,2.3850231156121886,2.3850231156121886,0.39285714285714285,0.5853658536585366,0.1925087108013937,turn_right,rest,True
left,34,29.86341348489749,13.600426978282233,0.35,15.0,20.0,16.1825707254234,2.3850231156121886,2.3850231156121886,0.4107142857142857,0.14634146341463414,-0.26437282229965153,turn_left,rest,True
left,35,29.86341348489749,13.600426978282233,0.35,15.0,20.0,16.1825707254234,2.3850231156121886,2.3850231156121886,0.19642857142857142,0.2682926829268293,0.07186411149825786,walk_forward,rest,True
left,36,29.86341348489749,13.600426978282233,0.35,15.0,20.0,16.1825707254234,2.3850231156121886,2.3850231156121886,0.39285714285714285,0.5853658536585366,0.1925087108013937,turn_right,rest,True
left,37,29.86341348489749,13.600426978282233,0.35,15.0,20.0,16.1825707254234,2.3850231156121886,2.3850231156121886,0.4107142857142857,0.14634146341463414,-0.26437282229965153,turn_left,rest,True
left,38,29.86341348489749,13.600426978282233,0.35,15.0,20.0,16.1825707254234,2.3850231156121886,2.3850231156121886,0.19642857142857142,0.2682926829268293,0.07186411149825786,walk_forward,rest,True
left,39,29.86341348489749,13.600426978282233,0.35,15.0,20.0,16.1825707254234,2.3850231156121886,2.3850231156121886,0.39285714285714285,0.5853658536585366,0.1925087108013937,turn_right,rest,True
left,40,29.86341348489749,13.600426978282233,0.35,15.0,20.0,16.1825707254234,2.3850231156121886,2.3850231156121886,0.4107142857142857,0.14634146341463414,-0.26437282229965153,turn_left,rest,True
left,41,29.86341348489749,13.600426978282233,0.35,15.0,20.0,16.1825707254234,2.3850231156121886,2.3850231156121886,0.19642857142857142,0.2682926829268293,0.07186411149825786,walk_forward,rest,True
left,42,29.86341348489749,13.600426978282233,0.35,15.0,20.0,16.1825707254234,2.3850231156121886,2.3850231156121886,0.39285714285714285,0.5853658536585366,0.1925087108013937,turn_right,rest,True
left,43,29.86341348489749,13.600426978282233,0.35,15.0,20.0,16.1825707254234,2.3850231156121886,2.3850231156121886,0.4107142857142857,0.14634146341463414,-0.26437282229965153,turn_left,rest,True
left,44,29.86341348489749,13.600426978282233,0.35,15.0,20.0,16.1825707254234,2.3850231156121886,2.3850231156121886,0.19642857142857142,0.2682926829268293,0.07186411149825786,walk_forward,rest,True
left,45,29.86341348489749,13.600426978282233,0.35,15.0,20.0,16.1825707254234,2.3850231156121886,2.3850231156121886,0.39285714285714285,0.5853658536585366,0.1925087108013937,turn_right,rest,True
left,46,29.86341348489749,13.600426978282233,0.35,15.0,20.0,16.1825707254234,2.3850231156121886,2.3850231156121886,0.4107142857142857,0.14634146341463414,-0.26437282229965153,turn_left,rest,True
left,47,29.86341348489749,13.600426978282233,0.35,15.0,20.0,16.1825707254234,2.3850231156121886,2.3850231156121886,0.19642857142857142,0.2682926829268293,0.07186411149825786,walk_forward,rest,True
left,48,29.86341348489749,13.600426978282233,0.35,15.0,20.0,16.1825707254234,2.3850231156121886,2.3850231156121886,0.39285714285714285,0.5853658536585366,0.1925087108013937,turn_right,rest,True
left,49,29.86341348489749,13.600426978282233,0.35,15.0,20.0,16.1825707254234,2.3850231156121886,2.3850231156121886,0.4107142857142857,0.14634146341463414,-0.26437282229965153,turn_left,rest,True
left,50,29.86341348489749,13.600426978282233,0.35,15.0,20.0,16.1825707254234,2.3850231156121886,2.3850231156121886,0.19642857142857142,0.2682926829268293,0.07186411149825786,walk_forward,rest,True
left,51,29.86341348489749,13.600426978282233,0.35,15.0,20.0,16.1825707254234,2.3850231156121886,2.3850231156121886,0.39285714285714285,0.5853658536585366,0.1925087108013937,turn_right,rest,True
left,52,29.86341348489749,13.600426978282233,0.35,15.0,20.0,16.1825707254234,2.3850231156121886,2.3850231156121886,0.4107142857142857,0.14634146341463414,-0.26437282229965153,turn_left,rest,True
left,53,29.86341348489749,13.600426978282233,0.35,15.0,20.0,16.1825707254234,2.3850231156121886,2.3850231156121886,0.19642857142857142,0.2682926829268293,0.07186411149825786,walk_forward,rest,True
left,54,29.86341348489749,13.600426978282233,0.35,15.0,20.0,16.1825707254234,2.3850231156121886,2.3850231156121886,0.39285714285714285,0.5853658536585366,0.1925087108013937,turn_right,rest,True
left,55,29.86341348489749,13.600426978282233,0.35,15.0,20.0,16.1825707254234,2.3850231156121886,2.3850231156121886,0.4107142857142857,0.14634146341463414,-0.26437282229965153,turn_left,rest,True
left,56,29.86341348489749,13.600426978282233,0.35,15.0,20.0,16.1825707254234,2.3850231156121886,2.3850231156121886,0.19642857142857142,0.2682926829268293,0.07186411149825786,walk_forward,rest,True
left,57,29.86341348489749,13.600426978282233,0.35,15.0,20.0,16.1825707254234,2.3850231156121886,2.3850231156121886,0.39285714285714285,0.5853658536585366,0.1925087108013937,turn_right,rest,True
left,58,29.86341348489749,13.600426978282233,0.35,15.0,20.0,16.1825707254234,2.3850231156121886,2.3850231156121886,0.4107142857142857,0.14634146341463414,-0.26437282229965153,turn_left,rest,True
left,59,29.86341348489749,13.600426978282233,0.35,15.0,20.0,16.1825707254234,2.3850231156121886,2.3850231156121886,0.19642857142857142,0.2682926829268293,0.07186411149825786,walk_forward,rest,True
left,60,29.86341348489749,13.600426978282233,0.35,15.0,20.0,16.1825707254234,2.3850231156121886,2.3850231156121886,0.39285714285714285,0.5853658536585366,0.1925087108013937,turn_right,rest,True
left,61,29.86341348489749,13.600426978282233,0.35,15.0,20.0,16.1825707254234,2.3850231156121886,2.3850231156121886,0.4107142857142857,0.14634146341463414,-0.26437282229965153,turn_left,rest,True
left,62,29.86341348489749,13.600426978282233,0.35,15.0,20.0,16.1825707254234,2.3850231156121886,2.3850231156121886,0.19642857142857142,0.2682926829268293,0.07186411149825786,walk_forward,rest,True
left,63,29.86341348489749,13.600426978282233,0.35,15.0,20.0,16.1825707254234,2.3850231156121886,2.3850231156121886,0.39285714285714285,0.5853658536585366,0.1925087108013937,turn_right,rest,True
left,64,29.86341348489749,13.600426978282233,0.35,15.0,20.0,16.1825707254234,2.3850231156121886,2.3850231156121886,0.4107142857142857,0.14634146341463414,-0.26437282229965153,turn_left,rest,True
left,65,29.86341348489749,13.600426978282233,0.35,15.0,20.0,16.1825707254234,2.3850231156121886,2.3850231156121886,0.19642857142857142,0.2682926829268293,0.07186411149825786,walk_forward,rest,True
left,66,29.86341348489749,13.600426978282233,0.35,15.0,20.0,16.1825707254234,2.3850231156121886,2.3850231156121886,0.39285714285714285,0.5853658536585366,0.1925087108013937,turn_right,rest,True
left,67,29.86341348489749,13.600426978282233,0.35,15.0,20.0,16.1825707254234,2.3850231156121886,2.3850231156121886,0.4107142857142857,0.14634146341463414,-0.26437282229965153,turn_left,rest,True
left,68,29.86341348489749,13.600426978282233,0.35,15.0,20.0,16.1825707254234,2.3850231156121886,2.3850231156121886,0.19642857142857142,0.2682926829268293,0.07186411149825786,walk_forward,rest,True
left,69,29.86341348489749,13.600426978282233,0.35,15.0,20.0,16.1825707254234,2.3850231156121886,2.3850231156121886,0.39285714285714285,0.5853658536585366,0.1925087108013937,turn_right,rest,True
left,70,29.86341348489749,13.600426978282233,0.35,15.0,20.0,16.1825707254234,2.3850231156121886,2.3850231156121886,0.4107142857142857,0.14634146341463414,-0.26437282229965153,turn_left,rest,True
left,71,29.86341348489749,13.600426978282233,0.35,15.0,20.0,16.1825707254234,2.3850231156121886,2.3850231156121886,0.19642857142857142,0.2682926829268293,0.07186411149825786,walk_forward,rest,True
left,72,29.86341348489749,13.600426978282233,0.35,15.0,20.0,16.1825707254234,2.3850231156121886,2.3850231156121886,0.39285714285714285,0.5853658536585366,0.1925087108013937,turn_right,rest,True
left,73,29.86341348489749,13.600426978282233,0.35,15.0,20.0,16.1825707254234,2.3850231156121886,2.3850231156121886,0.4107142857142857,0.14634146341463414,-0.26437282229965153,turn_left,rest,True
left,74,29.86341348489749,13.600426978282233,0.35,15.0,20.0,16.1825707254234,2.3850231156121886,2.3850231156121886,0.19642857142857142,0.2682926829268293,0.07186411149825786,walk_forward,rest,True
left,75,29.86341348489749,13.600426978282233,0.35,15.0,20.0,16.1825707254234,2.3850231156121886,2.3850231156121886,0.39285714285714285,0.5853658536585366,0.1925087108013937,turn_right,rest,True
left,76,29.86341348489749,13.600426978282233,0.35,15.0,20.0,16.1825707254234,2.3850231156121886,2.3850231156121886,0.4107142857142857,0.14634146341463414,-0.26437282229965153,turn_left,rest,True
left,77,29.86341348489749,13.600426978282233,0.35,15.0,20.0,16.1825707254234,2.3850231156121886,2.3850231156121886,0.19642857142857142,0.2682926829268293,0.07186411149825786,walk_forward,rest,True
left,78,29.86341348489749,13.600426978282233,0.35,15.0,20.0,16.1825707254234,2.3850231156121886,2.3850231156121886,0.39285714285714285,0.5853658536585366,0.1925087108013937,turn_right,rest,True
left,79,29.86341348489749,13.600426978282233,0.35,15.0,20.0,16.1825707254234,2.3850231156121886,2.3850231156121886,0.4107142857142857,0.14634146341463414,-0.26437282229965153,turn_left,rest,True
left,80,29.86341348489749,13.600426978282233,0.35,15.0,20.0,16.1825707254234,2.3850231156121886,2.3850231156121886,0.19642857142857142,0.2682926829268293,0.07186411149825786,walk_forward,rest,True
left,81,29.86341348489749,13.600426978282233,0.35,15.0,20.0,16.1825707254234,2.3850231156121886,2.3850231156121886,0.39285714285714285,0.5853658536585366,0.1925087108013937,turn_right,rest,True
left,82,29.86341348489749,13.600426978282233,0.35,15.0,20.0,16.1825707254234,2.3850231156121886,2.3850231156121886,0.4107142857142857,0.14634146341463414,-0.26437282229965153,turn_left,rest,True
left,83,29.86341348489749,13.600426978282233,0.35,15.0,20.0,16.1825707254234,2.3850231156121886,2.3850231156121886,0.19642857142857142,0.2682926829268293,0.07186411149825786,walk_forward,rest,True
left,84,29.86341348489749,13.600426978282233,0.35,15.0,20.0,16.1825707254234,2.3850231156121886,2.3850231156121886,0.39285714285714285,0.5853658536585366,0.1925087108013937,turn_right,rest,True
left,85,29.86341348489749,13.600426978282233,0.35,15.0,20.0,16.1825707254234,2.3850231156121886,2.3850231156121886,0.4107142857142857,0.14634146341463414,-0.26437282229965153,turn_left,rest,True
left,86,29.86341348489749,13.600426978282233,0.35,15.0,20.0,16.1825707254234,2.3850231156121886,2.3850231156121886,0.19642857142857142,0.2682926829268293,0.07186411149825786,walk_forward,rest,True
left,87,29.86341348489749,13.600426978282233,0.35,15.0,20.0,16.1825707254234,2.3850231156121886,2.3850231156121886,0.39285714285714285,0.5853658536585366,0.1925087108013937,turn_right,rest,True
left,88,29.86341348489749,13.600426978282233,0.35,15.0,20.0,16.1825707254234,2.3850231156121886,2.3850231156121886,0.4107142857142857,0.14634146341463414,-0.26437282229965153,turn_left,rest,True
left,89,29.86341348489749,13.600426978282233,0.35,15.0,20.0,16.1825707254234,2.3850231156121886,2.3850231156121886,0.19642857142857142,0.2682926829268293,0.07186411149825786,walk_forward,rest,True
left,90,29.86341348489749,13.600426978282233,0.35,15.0,20.0,16.1825707254234,2.3850231156121886,2.3850231156121886,0.39285714285714285,0.5853658536585366,0.1925087108013937,turn_right,rest,True
left,91,29.86341348489749,13.600426978282233,0.35,15.0,20.0,16.1825707254234,2.3850231156121886,2.3850231156121886,0.4107142857142857,0.14634146341463414,-0.26437282229965153,turn_left,rest,True
left,92,29.86341348489749,13.600426978282233,0.35,15.0,20.0,16.1825707254234,2.3850231156121886,2.3850231156121886,0.19642857142857142,0.2682926829268293,0.07186411149825786,walk_forward,rest,True
left,93,29.86341348489749,13.600426978282233,0.35,15.0,20.0,16.1825707254234,2.3850231156121886,2.3850231156121886,0.39285714285714285,0.5853658536585366,0.1925087108013937,turn_right,rest,True
left,94,29.86341348489749,13.600426978282233,0.35,15.0,20.0,16.1825707254234,2.3850231156121886,2.3850231156121886,0.4107142857142857,0.14634146341463414,-0.26437282229965153,turn_left,rest,True
left,95,29.86341348489749,13.600426978282233,0.35,15.0,20.0,16.1825707254234,2.3850231156121886,2.3850231156121886,0.19642857142857142,0.2682926829268293,0.07186411149825786,walk_forward,rest,True
left,96,29.86341348489749,13.600426978282233,0.35,15.0,20.0,16.1825707254234,2.3850231156121886,2.3850231156121886,0.39285714285714285,0.5853658536585366,0.1925087108013937,turn_right,rest,True
left,97,29.86341348489749,13.600426978282233,0.35,15.0,20.0,16.1825707254234,2.3850231156121886,2.3850231156121886,0.4107142857142857,0.14634146341463414,-0.26437282229965153,turn_left,rest,True
left,98,29.86341348489749,13.600426978282233,0.35,15.0,20.0,16.1825707254234,2.3850231156121886,2.3850231156121886,0.19642857142857142,0.2682926829268293,0.07186411149825786,walk_forward,rest,True
left,99,29.86341348489749,13.600426978282233,0.35,15.0,20.0,16.1825707254234,2.3850231156121886,2.3850231156121886,0.39285714285714285,0.5853658536585366,0.1925087108013937,turn_right,rest,True
right,0,15.46968635642369,9.828551096272275,-0.35,15.0,0.0,9.839767371510645,-1.2685479538457844,1.2685479538457844,0.017857142857142856,0.17073170731707318,0.15287456445993033,turn_right,turn_right,False
right,1,15.852107450065935,9.506442252653429,-0.7,15.0,0.0,9.544555066083085,-0.9601921609326853,0.9601921609326853,0.25,0.5121951219512195,0.2621951219512195,turn_right,turn_right,False
right,2,16.321793806489623,9.334993348925703,-0.35,15.0,0.0,9.428109019912819,-1.3614568329714944,1.3614568329714944,0.32142857142857145,0.21951219512195122,-0.10191637630662023,turn_left,turn_left,False
right,3,16.791480162913313,9.163544445197978,-0.35,15.0,0.0,9.337020294142592,-1.4138620022519959,1.4138620022519959,0.2857142857142857,0.2682926829268293,-0.017421602787456414,walk_forward,walk_forward,False
right,4,17.173901256555556,8.841435601579132,-0.7,15.0,0.0,9.104769638498537,-1.1118903008954426,1.1118903008954426,0.39285714285714285,0.5121951219512195,0.11933797909407667,turn_right,turn_right,False
right,5,17.643587612979246,8.669986697851407,-0.35,15.0,0.0,9.064062268564667,-1.516753917274075,1.516753917274075,0.32142857142857145,0.21951219512195122,-0.10191637630662023,turn_left,turn_left,False
right,6,18.113273969402936,8.498537794123681,-0.35,15.0,0.0,9.050835290000062,-1.5719447998633904,1.5719447998633904,0.2857142857142857,0.2682926829268293,-0.017421602787456414,walk_forward,walk_forward,False
right,7,18.49569506304518,8.176428950504835,-0.7,15.0,0.0,8.892349203469916,-1.274810683029579,1.274810683029579,0.39285714285714285,0.5121951219512195,0.11933797909407667,turn_right,turn_right,False
right,8,18.96538141946887,8.00498004677711,-0.35,15.0,0.0,8.933305958667743,-1.6807285116422164,1.6807285116422164,0.32142857142857145,0.21951219512195122,-0.10191637630662023,turn_left,turn_left,False
right,9,19.43506777589256,7.833531143049385,-0.35,15.0,0.0,9.001890709505707,-1.735965194575317,1.735965194575317,0.2857142857142857,0.2682926829268293,-0.017421602787456414,walk_forward,walk_forward,False
right,10,19.817488869534802,7.511422299430539,-0.7,15.0,0.0,8.923545481952456,-1.4410702507394222,1.4410702507394222,0.39285714285714285,0.5121951219512195,0.11933797909407667,turn_right,turn_right,False
right,11,20.287175225958492,7.339973395702813,-0.35,15.0,0.0,9.045962155548425,-1.8450341852762673,1.8450341852762673,0.32142857142857145,0.21951219512195122,-0.10191637630662023,turn_left,turn_left,False
right,12,20.756861582382182,7.168524491975088,-0.35,15.0,0.0,9.193976216564549,-1.8974093547408843,1.8974093547408843,0.2857142857142857,0.2682926829268293,-0.017421602787456414,walk_forward,walk_forward,False
right,13,21.139282676024425,6.846415648356242,-0.7,15.0,0.0,9.195879458006768,-1.601793468611642,1.601793468611642,0.39285714285714285,0.5121951219512195,0.11933797909407667,turn_right,turn_right,False
right,14,21.608969032448115,6.674966744628517,-0.35,15.0,0.0,9.39327699547686,-2.0012262962563807,2.0012262962563807,0.32142857142857145,0.21951219512195122,-0.10191637630662023,turn_left,turn_left,False
right,15,22.078655388871805,6.503517840900791,-0.35,15.0,0.0,9.612653453720192,-2.048514238849754,2.048514238849754,0.2857142857142857,0.2682926829268293,-0.017421602787456414,walk_forward,walk_forward,False
right,16,22.46107648251405,6.181408997281945,-0.7,15.0,0.0,9.689039140678625,-1.7497210060483523,1.7497210060483523,0.39285714285714285,0.5121951219512195,0.11933797909407667,turn_right,turn_right,False
right,17,22.93076283893774,6.00996009355422,-0.35,15.0,0.0,9.950709499005084,-2.1431159623247726,2.1431159623247726,0.32142857142857145,0.21951219512195122,-0.10191637630662023,turn_left,turn_left,False
right,18,23.40044919536143,5.8385111898264945,-0.35,15.0,0.0,10.230139764322756,-2.184214308980657,2.184214308980657,0.2857142857142857,0.2682926829268293,-0.017421602787456414,walk_forward,walk_forward,False
right,19,23.78287028900367,5.516402346207649,-0.7,15.0,0.0,10.371571981079276,-1.8807769038137263,1.8807769038137263,0.39285714285714285,0.5121951219512195,0.11933797909407667,turn_right,turn_right,False
right,20,24.25255664542736,5.344953442479923,-0.35,15.0,0.0,10.685426139332021,-2.2677517593796055,2.2677517593796055,0.32142857142857145,0.1951219512195122,-0.12630662020905925,turn_left,turn_left,False
right,21,24.72224300185105,5.173504538752198,-0.35,15.0,0.0,11.013044910447398,-2.302572055822729,2.302572055822729,0.2857142857142857,0.2926829268292683,0.006968641114982577,walk_forward,walk_forward,False
right,22,25.104664095493295,4.851395695133352,-0.7,15.0,0.0,11.20893735701604,-1.9939796278244344,1.9939796278244344,0.39285714285714285,0.5121951219512195,0.11933797909407667,turn_right,turn_right,False
right,23,25.574350451916985,4.6799467914056265,-0.35,15.0,0.0,11.563684077764524,-2.3749302012081865,2.3749302012081865,0.32142857142857145,0.1951219512195122,-0.12630662020905925,turn_left,turn_left,False
right,24,26.044036808340675,4.508497887677901,-0.35,15.0,0.0,11.928843289572539,-2.4040123631567742,2.4040123631567742,0.2857142857142857,0.2926829268292683,0.006968641114982577,walk_forward,walk_forward,False
right,25,26.426457901982918,4.186389044059055,-0.7,15.0,0.0,12.169214987582624,-2.090403400609505,2.090403400609505,0.39285714285714285,0.5121951219512195,0.11933797909407667,turn_right,turn_right,False
right,26,26.896144258406608,4.01494014033133,-0.35,15.0,0.0,12.555396949012176,-2.4660974433431706,2.4660974433431706,0.32142857142857145,0.1951219512195122,-0.12630662020905925,turn_left,turn_left,False
right,27,27.365830614830298,3.843491236603604,-0.35,15.0,0.0,12.949370319846558,-2.4902431972069596,2.4902431972069596,0.2857142857142857,0.2926829268292683,0.006968641114982577,walk_forward,walk_forward,False
right,28,27.74825170847254,3.5213823929847585,-0.7,15.0,0.0,13.22565898472345,-2.1720881773601786,2.1720881773601786,0.39285714285714285,0.5121951219512195,0.11933797909407667,turn_right,turn_right,False
right,29,28.21793806489623,3.3499334892570327,-0.35,15.0,0.0,13.635832980418854,-2.5433804471050108,2.5433804471050108,0.32142857142857145,0.1951219512195122,-0.12630662020905925,turn_left,turn_left,False
right,30,28.68762442131992,3.178484585529307,-0.35,15.0,0.0,14.051826449240004,-2.563420679653091,2.563420679653091,0.2857142857142857,0.2926829268292683,0.006968641114982577,walk_forward,walk_forward,False
right,31,29.070045514962164,2.8563757419104614,-0.7,15.0,0.0,14.357056215397412,-2.2413034667478033,2.2413034667478033,0.39285714285714285,0.5121951219512195,0.11933797909407667,turn_right,turn_right,False
right,32,29.539731871385854,2.6849268381827356,-0.35,15.0,0.0,14.78555494454596,-2.6089883290070315,2.6089883290070315,0.32142857142857145,0.1951219512195122,-0.12630662020905925,turn_left,turn_left,False
right,33,29.539731871385854,2.6849268381827356,-0.35,15.0,0.0,14.78555494454596,-2.6089883290070315,2.6089883290070315,0.2857142857142857,0.2926829268292683,0.006968641114982577,walk_forward,rest,True
right,34,29.922152965028097,2.36281799456389,-0.7,15.0,0.0,15.108062681466865,-2.28455347825858,2.28455347825858,0.39285714285714285,0.5121951219512195,0.11933797909407667,turn_right,turn_right,False
right,35,29.922152965028097,2.36281799456389,-0.7,15.0,0.0,15.108062681466865,-2.28455347825858,2.28455347825858,0.32142857142857145,0.1951219512195122,-0.12630662020905925,turn_left,rest,True
right,36,29.922152965028097,2.36281799456389,-0.7,15.0,0.0,15.108062681466865,-2.28455347825858,2.28455347825858,0.2857142857142857,0.2926829268292683,0.006968641114982577,walk_forward,rest,True
right,37,29.922152965028097,2.36281799456389,-0.7,15.0,0.0,15.108062681466865,-2.28455347825858,2.28455347825858,0.39285714285714285,0.5121951219512195,0.11933797909407667,turn_right,rest,True
right,38,29.922152965028097,2.36281799456389,-0.7,15.0,0.0,15.108062681466865,-2.28455347825858,2.28455347825858,0.32142857142857145,0.1951219512195122,-0.12630662020905925,turn_left,rest,True
right,39,29.922152965028097,2.36281799456389,-0.7,15.0,0.0,15.108062681466865,-2.28455347825858,2.28455347825858,0.2857142857142857,0.2926829268292683,0.006968641114982577,walk_forward,rest,True
right,40,29.922152965028097,2.36281799456389,-0.7,15.0,0.0,15.108062681466865,-2.28455347825858,2.28455347825858,0.39285714285714285,0.5121951219512195,0.11933797909407667,turn_right,rest,True
right,41,29.922152965028097,2.36281799456389,-0.7,15.0,0.0,15.108062681466865,-2.28455347825858,2.28455347825858,0.32142857142857145,0.1951219512195122,-0.12630662020905925,turn_left,rest,True
right,42,29.922152965028097,2.36281799456389,-0.7,15.0,0.0,15.108062681466865,-2.28455347825858,2.28455347825858,0.2857142857142857,0.2926829268292683,0.006968641114982577,walk_forward,rest,True
right,43,29.922152965028097,2.36281799456389,-0.7,15.0,0.0,15.108062681466865,-2.28455347825858,2.28455347825858,0.39285714285714285,0.5121951219512195,0.11933797909407667,turn_right,rest,True
right,44,29.922152965028097,2.36281799456389,-0.7,15.0,0.0,15.108062681466865,-2.28455347825858,2.28455347825858,0.32142857142857145,0.1951219512195122,-0.12630662020905925,turn_left,rest,True
right,45,29.922152965028097,2.36281799456389,-0.7,15.0,0.0,15.108062681466865,-2.28455347825858,2.28455347825858,0.2857142857142857,0.2926829268292683,0.006968641114982577,walk_forward,rest,True
right,46,29.922152965028097,2.36281799456389,-0.7,15.0,0.0,15.108062681466865,-2.28455347825858,2.28455347825858,0.39285714285714285,0.5121951219512195,0.11933797909407667,turn_right,rest,True
right,47,29.922152965028097,2.36281799456389,-0.7,15.0,0.0,15.108062681466865,-2.28455347825858,2.28455347825858,0.32142857142857145,0.1951219512195122,-0.12630662020905925,turn_left,rest,True
right,48,29.922152965028097,2.36281799456389,-0.7,15.0,0.0,15.108062681466865,-2.28455347825858,2.28455347825858,0.2857142857142857,0.2926829268292683,0.006968641114982577,walk_forward,rest,True
right,49,29.922152965028097,2.36281799456389,-0.7,15.0,0.0,15.108062681466865,-2.28455347825858,2.28455347825858,0.39285714285714285,0.5121951219512195,0.11933797909407667,turn_right,rest,True
right,50,29.922152965028097,2.36281799456389,-0.7,15.0,0.0,15.108062681466865,-2.28455347825858,2.28455347825858,0.32142857142857145,0.1951219512195122,-0.12630662020905925,turn_left,rest,True
right,51,29.922152965028097,2.36281799456389,-0.7,15.0,0.0,15.108062681466865,-2.28455347825858,2.28455347825858,0.2857142857142857,0.2926829268292683,0.006968641114982577,walk_forward,rest,True
right,52,29.922152965028097,2.36281799456389,-0.7,15.0,0.0,15.108062681466865,-2.28455347825858,2.28455347825858,0.39285714285714285,0.5121951219512195,0.11933797909407667,turn_right,rest,True
right,53,29.922152965028097,2.36281799456389,-0.7,15.0,0.0,15.108062681466865,-2.28455347825858,2.28455347825858,0.32142857142857145,0.1951219512195122,-0.12630662020905925,turn_left,rest,True
right,54,29.922152965028097,2.36281799456389,-0.7,15.0,0.0,15.108062681466865,-2.28455347825858,2.28455347825858,0.2857142857142857,0.2926829268292683,0.006968641114982577,walk_forward,rest,True
right,55,29.922152965028097,2.36281799456389,-0.7,15.0,0.0,15.108062681466865,-2.28455347825858,2.28455347825858,0.39285714285714285,0.5121951219512195,0.11933797909407667,turn_right,rest,True
right,56,29.922152965028097,2.36281799456389,-0.7,15.0,0.0,15.108062681466865,-2.28455347825858,2.28455347825858,0.32142857142857145,0.1951219512195122,-0.12630662020905925,turn_left,rest,True
right,57,29.922152965028097,2.36281799456389,-0.7,15.0,0.0,15.108062681466865,-2.28455347825858,2.28455347825858,0.2857142857142857,0.2926829268292683,0.006968641114982577,walk_forward,rest,True
right,58,29.922152965028097,2.36281799456389,-0.7,15.0,0.0,15.108062681466865,-2.28455347825858,2.28455347825858,0.39285714285714285,0.5121951219512195,0.11933797909407667,turn_right,rest,True
right,59,29.922152965028097,2.36281799456389,-0.7,15.0,0.0,15.108062681466865,-2.28455347825858,2.28455347825858,0.32142857142857145,0.1951219512195122,-0.12630662020905925,turn_left,rest,True
right,60,29.922152965028097,2.36281799456389,-0.7,15.0,0.0,15.108062681466865,-2.28455347825858,2.28455347825858,0.2857142857142857,0.2926829268292683,0.006968641114982577,walk_forward,rest,True
right,61,29.922152965028097,2.36281799456389,-0.7,15.0,0.0,15.108062681466865,-2.28455347825858,2.28455347825858,0.39285714285714285,0.5121951219512195,0.11933797909407667,turn_right,rest,True
right,62,29.922152965028097,2.36281799456389,-0.7,15.0,0.0,15.108062681466865,-2.28455347825858,2.28455347825858,0.32142857142857145,0.1951219512195122,-0.12630662020905925,turn_left,rest,True
right,63,29.922152965028097,2.36281799456389,-0.7,15.0,0.0,15.108062681466865,-2.28455347825858,2.28455347825858,0.2857142857142857,0.2926829268292683,0.006968641114982577,walk_forward,rest,True
right,64,29.922152965028097,2.36281799456389,-0.7,15.0,0.0,15.108062681466865,-2.28455347825858,2.28455347825858,0.39285714285714285,0.5121951219512195,0.11933797909407667,turn_right,rest,True
right,65,29.922152965028097,2.36281799456389,-0.7,15.0,0.0,15.108062681466865,-2.28455347825858,2.28455347825858,0.32142857142857145,0.1951219512195122,-0.12630662020905925,turn_left,rest,True
right,66,29.922152965028097,2.36281799456389,-0.7,15.0,0.0,15.108062681466865,-2.28455347825858,2.28455347825858,0.2857142857142857,0.2926829268292683,0.006968641114982577,walk_forward,rest,True
right,67,29.922152965028097,2.36281799456389,-0.7,15.0,0.0,15.108062681466865,-2.28455347825858,2.28455347825858,0.39285714285714285,0.5121951219512195,0.11933797909407667,turn_right,rest,True
right,68,29.922152965028097,2.36281799456389,-0.7,15.0,0.0,15.108062681466865,-2.28455347825858,2.28455347825858,0.32142857142857145,0.1951219512195122,-0.12630662020905925,turn_left,rest,True
right,69,29.922152965028097,2.36281799456389,-0.7,15.0,0.0,15.108062681466865,-2.28455347825858,2.28455347825858,0.2857142857142857,0.2926829268292683,0.006968641114982577,walk_forward,rest,True
right,70,29.922152965028097,2.36281799456389,-0.7,15.0,0.0,15.108062681466865,-2.28455347825858,2.28455347825858,0.39285714285714285,0.5121951219512195,0.11933797909407667,turn_right,rest,True
right,71,29.922152965028097,2.36281799456389,-0.7,15.0,0.0,15.108062681466865,-2.28455347825858,2.28455347825858,0.32142857142857145,0.1951219512195122,-0.12630662020905925,turn_left,rest,True
right,72,29.922152965028097,2.36281799456389,-0.7,15.0,0.0,15.108062681466865,-2.28455347825858,2.28455347825858,0.2857142857142857,0.2926829268292683,0.006968641114982577,walk_forward,rest,True
right,73,29.922152965028097,2.36281799456389,-0.7,15.0,0.0,15.108062681466865,-2.28455347825858,2.28455347825858,0.39285714285714285,0.5121951219512195,0.11933797909407667,turn_right,rest,True
right,74,29.922152965028097,2.36281799456389,-0.7,15.0,0.0,15.108062681466865,-2.28455347825858,2.28455347825858,0.32142857142857145,0.1951219512195122,-0.12630662020905925,turn_left,rest,True
right,75,29.922152965028097,2.36281799456389,-0.7,15.0,0.0,15.108062681466865,-2.28455347825858,2.28455347825858,0.2857142857142857,0.2926829268292683,0.006968641114982577,walk_forward,rest,True
right,76,29.922152965028097,2.36281799456389,-0.7,15.0,0.0,15.108062681466865,-2.28455347825858,2.28455347825858,0.39285714285714285,0.5121951219512195,0.11933797909407667,turn_right,rest,True
right,77,29.922152965028097,2.36281799456389,-0.7,15.0,0.0,15.108062681466865,-2.28455347825858,2.28455347825858,0.32142857142857145,0.1951219512195122,-0.12630662020905925,turn_left,rest,True
right,78,29.922152965028097,2.36281799456389,-0.7,15.0,0.0,15.108062681466865,-2.28455347825858,2.28455347825858,0.2857142857142857,0.2926829268292683,0.006968641114982577,walk_forward,rest,True
right,79,29.922152965028097,2.36281799456389,-0.7,15.0,0.0,15.108062681466865,-2.28455347825858,2.28455347825858,0.39285714285714285,0.5121951219512195,0.11933797909407667,turn_right,rest,True
right,80,29.922152965028097,2.36281799456389,-0.7,15.0,0.0,15.108062681466865,-2.28455347825858,2.28455347825858,0.32142857142857145,0.1951219512195122,-0.12630662020905925,turn_left,rest,True
right,81,29.922152965028097,2.36281799456389,-0.7,15.0,0.0,15.108062681466865,-2.28455347825858,2.28455347825858,0.2857142857142857,0.2926829268292683,0.006968641114982577,walk_forward,rest,True
right,82,29.922152965028097,2.36281799456389,-0.7,15.0,0.0,15.108062681466865,-2.28455347825858,2.28455347825858,0.39285714285714285,0.5121951219512195,0.11933797909407667,turn_right,rest,True
right,83,29.922152965028097,2.36281799456389,-0.7,15.0,0.0,15.108062681466865,-2.28455347825858,2.28455347825858,0.32142857142857145,0.1951219512195122,-0.12630662020905925,turn_left,rest,True
right,84,29.922152965028097,2.36281799456389,-0.7,15.0,0.0,15.108062681466865,-2.28455347825858,2.28455347825858,0.2857142857142857,0.2926829268292683,0.006968641114982577,walk_forward,rest,True
right,85,29.922152965028097,2.36281799456389,-0.7,15.0,0.0,15.108062681466865,-2.28455347825858,2.28455347825858,0.39285714285714285,0.5121951219512195,0.11933797909407667,turn_right,rest,True
right,86,29.922152965028097,2.36281799456389,-0.7,15.0,0.0,15.108062681466865,-2.28455347825858,2.28455347825858,0.32142857142857145,0.1951219512195122,-0.12630662020905925,turn_left,rest,True
right,87,29.922152965028097,2.36281799456389,-0.7,15.0,0.0,15.108062681466865,-2.28455347825858,2.28455347825858,0.2857142857142857,0.2926829268292683,0.006968641114982577,walk_forward,rest,True
right,88,29.922152965028097,2.36281799456389,-0.7,15.0,0.0,15.108062681466865,-2.28455347825858,2.28455347825858,0.39285714285714285,0.5121951219512195,0.11933797909407667,turn_right,rest,True
right,89,29.922152965028097,2.36281799456389,-0.7,15.0,0.0,15.108062681466865,-2.28455347825858,2.28455347825858,0.32142857142857145,0.1951219512195122,-0.12630662020905925,turn_left,rest,True
right,90,29.922152965028097,2.36281799456389,-0.7,15.0,0.0,15.108062681466865,-2.28455347825858,2.28455347825858,0.2857142857142857,0.2926829268292683,0.006968641114982577,walk_forward,rest,True
right,91,29.922152965028097,2.36281799456389,-0.7,15.0,0.0,15.108062681466865,-2.28455347825858,2.28455347825858,0.39285714285714285,0.5121951219512195,0.11933797909407667,turn_right,rest,True
right,92,29.922152965028097,2.36281799456389,-0.7,15.0,0.0,15.108062681466865,-2.28455347825858,2.28455347825858,0.32142857142857145,0.1951219512195122,-0.12630662020905925,turn_left,rest,True
right,93,29.922152965028097,2.36281799456389,-0.7,15.0,0.0,15.108062681466865,-2.28455347825858,2.28455347825858,0.2857142857142857,0.2926829268292683,0.006968641114982577,walk_forward,rest,True
right,94,29.922152965028097,2.36281799456389,-0.7,15.0,0.0,15.108062681466865,-2.28455347825858,2.28455347825858,0.39285714285714285,0.5121951219512195,0.11933797909407667,turn_right,rest,True
right,95,29.922152965028097,2.36281799456389,-0.7,15.0,0.0,15.108062681466865,-2.28455347825858,2.28455347825858,0.32142857142857145,0.1951219512195122,-0.12630662020905925,turn_left,rest,True
right,96,29.922152965028097,2.36281799456389,-0.7,15.0,0.0,15.108062681466865,-2.28455347825858,2.28455347825858,0.2857142857142857,0.2926829268292683,0.006968641114982577,walk_forward,rest,True
right,97,29.922152965028097,2.36281799456389,-0.7,15.0,0.0,15.108062681466865,-2.28455347825858,2.28455347825858,0.39285714285714285,0.5121951219512195,0.11933797909407667,turn_right,rest,True
right,98,29.922152965028097,2.36281799456389,-0.7,15.0,0.0,15.108062681466865,-2.28455347825858,2.28455347825858,0.32142857142857145,0.1951219512195122,-0.12630662020905925,turn_left,rest,True
right,99,29.922152965028097,2.36281799456389,-0.7,15.0,0.0,15.108062681466865,-2.28455347825858,2.28455347825858,0.2857142857142857,0.2926829268292683,0.006968641114982577,walk_forward,rest,True
front,0,15.46968635642369,9.828551096272275,-0.35,25.0,10.0,9.531855688769433,0.36798790870129444,0.36798790870129444,0.03571428571428571,0.17073170731707318,0.13501742160278746,turn_right,turn_right,False
front,1,15.93937271284738,9.65710219254455,-0.35,25.0,10.0,9.067113418450901,0.3878267678648478,0.3878267678648478,0.5714285714285714,0.5609756097560976,-0.010452961672473782,walk_forward,walk_forward,False
front,2,16.40905906927107,9.485653288816824,-0.35,25.0,10.0,8.606324338216554,0.40979944134550916,0.40979944134550916,0.2857142857142857,0.21951219512195122,-0.06620209059233448,walk_forward,walk_forward,False
front,3,16.87874542569476,9.314204385089099,-0.35,25.0,10.0,8.1501589853269,0.4342446741361363,0.4342446741361363,0.14285714285714285,0.21951219512195122,0.07665505226480837,walk_forward,walk_forward,False
front,4,17.34843178211845,9.142755481361373,-0.35,25.0,10.0,7.699439223581872,0.4615698888783971,0.4615698888783971,0.5714285714285714,0.5609756097560976,-0.010452961672473782,walk_forward,walk_forward,False
front,5,17.81811813854214,8.971306577633648,-0.35,25.0,10.0,7.25518002734303,0.4922668675477,0.4922668675477,0.2857142857142857,0.21951219512195122,-0.06620209059233448,walk_forward,walk_forward,False
front,6,18.28780449496583,8.799857673905922,-0.35,25.0,10.0,6.818644300789082,0.5269306108398268,0.5269306108398268,0.14285714285714285,0.21951219512195122,0.07665505226480837,walk_forward,walk_forward,False
front,7,18.75749085138952,8.628408770178197,-0.35,25.0,10.0,6.391414786431063,0.5662812473530575,0.5662812473530575,0.5714285714285714,0.5609756097560976,-0.010452961672473782,walk_forward,walk_forward,False
front,8,19.22717720781321,8.456959866450472,-0.35,25.0,10.0,5.975487916792723,0.6111878616940902,0.6111878616940902,0.2857142857142857,0.21951219512195122,-0.06620209059233448,walk_forward,walk_forward,False
front,9,19.6968635642369,8.285510962722746,-0.35,25.0,10.0,5.573394720927457,0.6626909835539504,0.6626909835539504,0.14285714285714285,0.21951219512195122,0.07665505226480837,walk_forward,walk_forward,False
front,10,20.16654992066059,8.114062058995021,-0.35,25.0,10.0,5.188352492534432,0.7220163208450232,0.7220163208450232,0.5714285714285714,0.5609756097560976,-0.010452961672473782,walk_forward,walk_forward,False
front,11,20.63623627708428,7.942613155267296,-0.35,25.0,10.0,4.824445507860407,0.7905648284318068,0.7905648284318068,0.2857142857142857,0.21951219512195122,-0.06620209059233448,walk_forward,walk_forward,False
front,12,21.10592263350797,7.77116425153957,-0.35,25.0,10.0,4.486819288743494,0.8698521697150441,0.8698521697150441,0.14285714285714285,0.21951219512195122,0.07665505226480837,walk_forward,walk_forward,False
front,13,21.57560898993166,7.599715347811845,-0.35,25.0,10.0,4.1818441149051555,0.9613549952318649,0.9613549952318649,0.5714285714285714,0.5609756097560976,-0.010452961672473782,walk_forward,walk_forward,False
front,14,22.04529534635535,7.4282664440841195,-0.35,25.0,10.0,3.9171536953371,1.0662107759029116,1.0662107759029116,0.2857142857142857,0.21951219512195122,-0.06620209059233448,walk_forward,walk_forward,False
front,15,22.51498170277904,7.256817540356394,-0.35,25.0,10.0,3.701400538231347,1.1847372483919691,1.1847372483919691,0.14285714285714285,0.21951219512195122,0.07665505226480837,walk_forward,walk_forward,False
front,16,22.98466805920273,7.085368636628669,-0.35,25.0,10.0,3.5435347911295465,1.315829355122828,1.315829355122828,0.5714285714285714,0.5609756097560976,-0.010452961672473782,walk_forward,walk_forward,False
front,17,23.45435441562642,6.913919732900943,-0.35,25.0,10.0,3.4515086103719534,1.4564735387631296,1.4564735387631296,0.2857142857142857,0.21951219512195122,-0.06620209059233448,walk_forward,walk_forward,False
front,18,23.92404077205011,6.742470829173218,-0.35,25.0,10.0,3.430624514428524,1.6017789876251163,1.6017789876251163,0.14285714285714285,0.21951219512195122,0.07665505226480837,walk_forward,walk_forward,False
front,19,24.3937271284738,6.571021925445493,-0.35,25.0,10.0,3.482162751871911,1.745796326794899,1.745796326794899,0.5714285714285714,0.5609756097560976,-0.010452961672473782,walk_forward,walk_forward,False
front,20,24.86341348489749,6.399573021717767,-0.35,25.0,10.0,3.6030168334397743,1.8828783105758067,1.8828783105758067,0.2857142857142857,0.21951219512195122,-0.06620209059233448,walk_forward,walk_forward,False
front,21,25.33309984132118,6.228124117990042,-0.35,25.0,10.0,3.7865555817360708,2.008879270781872,2.008879270781872,0.14285714285714285,0.21951219512195122,0.07665505226480837,walk_forward,walk_forward,False
front,22,25.80278619774487,6.056675214262317,-0.35,25.0,10.0,4.0242112326644595,2.1216328200776444,2.1216328200776444,0.5714285714285714,0.5609756097560976,-0.010452961672473782,walk_forward,walk_forward,False
front,23,26.27247255416856,5.885226310534591,-0.35,25.0,10.0,4.3070348172065,2.22071290312106,2.22071290312106,0.2857142857142857,0.21951219512195122,-0.06620209059233448,walk_forward,walk_forward,False
front,24,26.74215891059225,5.713777406806866,-0.35,25.0,10.0,4.626750672789193,2.306855405197828,2.306855405197828,0.14285714285714285,0.21951219512195122,0.07665505226480837,walk_forward,walk_forward,False
front,25,27.21184526701594,5.5423285030791405,-0.35,25.0,10.0,4.976253074320223,2.3813900774034273,2.3813900774034273,0.5714285714285714,0.5609756097560976,-0.010452961672473782,walk_forward,walk_forward,False
front,26,27.68153162343963,5.370879599351415,-0.35,25.0,10.0,5.349707237897013,2.445837108274303,2.445837108274303,0.2857142857142857,0.21951219512195122,-0.06620209059233448,walk_forward,walk_forward,False
front,27,28.15121797986332,5.19943069562369,-0.35,25.0,10.0,5.742442024325009,2.501675613603465,2.501675613603465,0.14285714285714285,0.21951219512195122,0.07665505226480837,walk_forward,walk_forward,False
front,28,28.62090433628701,5.027981791895964,-0.35,25.0,10.0,6.150765259238896,2.5502357209114606,2.5502357209114606,0.5714285714285714,0.5609756097560976,-0.010452961672473782,walk_forward,walk_forward,False
front,29,29.0905906927107,4.856532888168239,-0.35,25.0,10.0,6.571771918271841,2.5926638013896137,2.5926638013896137,0.2857142857142857,0.21951219512195122,-0.06620209059233448,walk_forward,walk_forward,False
front,30,29.56027704913439,4.685083984440514,-0.35,25.0,10.0,7.003174924083545,2.6299250802667236,2.6299250802667236,0.14285714285714285,0.21951219512195122,0.07665505226480837,walk_forward,walk_forward,False
front,31,29.56027704913439,4.685083984440514,-0.35,25.0,10.0,7.003174924083545,2.6299250802667236,2.6299250802667236,0.5714285714285714,0.5609756097560976,-0.010452961672473782,walk_forward,rest,True
front,32,29.56027704913439,4.685083984440514,-0.35,25.0,10.0,7.003174924083545,2.6299250802667236,2.6299250802667236,0.2857142857142857,0.21951219512195122,-0.06620209059233448,walk_forward,rest,True
front,33,29.56027704913439,4.685083984440514,-0.35,25.0,10.0,7.003174924083545,2.6299250802667236,2.6299250802667236,0.14285714285714285,0.21951219512195122,0.07665505226480837,walk_forward,rest,True
front,34,29.56027704913439,4.685083984440514,-0.35,25.0,10.0,7.003174924083545,2.6299250802667236,2.6299250802667236,0.5714285714285714,0.5609756097560976,-0.010452961672473782,walk_forward,rest,True
front,35,29.56027704913439,4.685083984440514,-0.35,25.0,10.0,7.003174924083545,2.6299250802667236,2.6299250802667236,0.2857142857142857,0.21951219512195122,-0.06620209059233448,walk_forward,rest,True
front,36,29.56027704913439,4.685083984440514,-0.35,25.0,10.0,7.003174924083545,2.6299250802667236,2.6299250802667236,0.14285714285714285,0.21951219512195122,0.07665505226480837,walk_forward,rest,True
front,37,29.56027704913439,4.685083984440514,-0.35,25.0,10.0,7.003174924083545,2.6299250802667236,2.6299250802667236,0.5714285714285714,0.5609756097560976,-0.010452961672473782,walk_forward,rest,True
front,38,29.56027704913439,4.685083984440514,-0.35,25.0,10.0,7.003174924083545,2.6299250802667236,2.6299250802667236,0.2857142857142857,0.21951219512195122,-0.06620209059233448,walk_forward,rest,True
front,39,29.56027704913439,4.685083984440514,-0.35,25.0,10.0,7.003174924083545,2.6299250802667236,2.6299250802667236,0.14285714285714285,0.21951219512195122,0.07665505226480837,walk_forward,rest,True
front,40,29.56027704913439,4.685083984440514,-0.35,25.0,10.0,7.003174924083545,2.6299250802667236,2.6299250802667236,0.5714285714285714,0.5609756097560976,-0.010452961672473782,walk_forward,rest,True
front,41,29.56027704913439,4.685083984440514,-0.35,25.0,10.0,7.003174924083545,2.6299250802667236,2.6299250802667236,0.2857142857142857,0.21951219512195122,-0.06620209059233448,walk_forward,rest,True
front,42,29.56027704913439,4.685083984440514,-0.35,25.0,10.0,7.003174924083545,2.6299250802667236,2.6299250802667236,0.14285714285714285,0.21951219512195122,0.07665505226480837,walk_forward,rest,True
front,43,29.56027704913439,4.685083984440514,-0.35,25.0,10.0,7.003174924083545,2.6299250802667236,2.6299250802667236,0.5714285714285714,0.5609756097560976,-0.010452961672473782,walk_forward,rest,True
front,44,29.56027704913439,4.685083984440514,-0.35,25.0,10.0,7.003174924083545,2.6299250802667236,2.6299250802667236,0.2857142857142857,0.21951219512195122,-0.06620209059233448,walk_forward,rest,True
front,45,29.56027704913439,4.685083984440514,-0.35,25.0,10.0,7.003174924083545,2.6299250802667236,2.6299250802667236,0.14285714285714285,0.21951219512195122,0.07665505226480837,walk_forward,rest,True
front,46,29.56027704913439,4.685083984440514,-0.35,25.0,10.0,7.003174924083545,2.6299250802667236,2.6299250802667236,0.5714285714285714,0.5609756097560976,-0.010452961672473782,walk_forward,rest,True
front,47,29.56027704913439,4.685083984440514,-0.35,25.0,10.0,7.003174924083545,2.6299250802667236,2.6299250802667236,0.2857142857142857,0.21951219512195122,-0.06620209059233448,walk_forward,rest,True
front,48,29.56027704913439,4.685083984440514,-0.35,25.0,10.0,7.003174924083545,2.6299250802667236,2.6299250802667236,0.14285714285714285,0.21951219512195122,0.07665505226480837,walk_forward,rest,True
front,49,29.56027704913439,4.685083984440514,-0.35,25.0,10.0,7.003174924083545,2.6299250802667236,2.6299250802667236,0.5714285714285714,0.5609756097560976,-0.010452961672473782,walk_forward,rest,True
front,50,29.56027704913439,4.685083984440514,-0.35,25.0,10.0,7.003174924083545,2.6299250802667236,2.6299250802667236,0.2857142857142857,0.21951219512195122,-0.06620209059233448,walk_forward,rest,True
front,51,29.56027704913439,4.685083984440514,-0.35,25.0,10.0,7.003174924083545,2.6299250802667236,2.6299250802667236,0.14285714285714285,0.21951219512195122,0.07665505226480837,walk_forward,rest,True
front,52,29.56027704913439,4.685083984440514,-0.35,25.0,10.0,7.003174924083545,2.6299250802667236,2.6299250802667236,0.5714285714285714,0.5609756097560976,-0.010452961672473782,walk_forward,rest,True
front,53,29.56027704913439,4.685083984440514,-0.35,25.0,10.0,7.003174924083545,2.6299250802667236,2.6299250802667236,0.2857142857142857,0.21951219512195122,-0.06620209059233448,walk_forward,rest,True
front,54,29.56027704913439,4.685083984440514,-0.35,25.0,10.0,7.003174924083545,2.6299250802667236,2.6299250802667236,0.14285714285714285,0.21951219512195122,0.07665505226480837,walk_forward,rest,True
front,55,29.56027704913439,4.685083984440514,-0.35,25.0,10.0,7.003174924083545,2.6299250802667236,2.6299250802667236,0.5714285714285714,0.5609756097560976,-0.010452961672473782,walk_forward,rest,True
front,56,29.56027704913439,4.685083984440514,-0.35,25.0,10.0,7.003174924083545,2.6299250802667236,2.6299250802667236,0.2857142857142857,0.21951219512195122,-0.06620209059233448,walk_forward,rest,True
front,57,29.56027704913439,4.685083984440514,-0.35,25.0,10.0,7.003174924083545,2.6299250802667236,2.6299250802667236,0.14285714285714285,0.21951219512195122,0.07665505226480837,walk_forward,rest,True
front,58,29.56027704913439,4.685083984440514,-0.35,25.0,10.0,7.003174924083545,2.6299250802667236,2.6299250802667236,0.5714285714285714,0.5609756097560976,-0.010452961672473782,walk_forward,rest,True
front,59,29.56027704913439,4.685083984440514,-0.35,25.0,10.0,7.003174924083545,2.6299250802667236,2.6299250802667236,0.2857142857142857,0.21951219512195122,-0.06620209059233448,walk_forward,rest,True
front,60,29.56027704913439,4.685083984440514,-0.35,25.0,10.0,7.003174924083545,2.6299250802667236,2.6299250802667236,0.14285714285714285,0.21951219512195122,0.07665505226480837,walk_forward,rest,True
front,61,29.56027704913439,4.685083984440514,-0.35,25.0,10.0,7.003174924083545,2.6299250802667236,2.6299250802667236,0.5714285714285714,0.5609756097560976,-0.010452961672473782,walk_forward,rest,True
front,62,29.56027704913439,4.685083984440514,-0.35,25.0,10.0,7.003174924083545,2.6299250802667236,2.6299250802667236,0.2857142857142857,0.21951219512195122,-0.06620209059233448,walk_forward,rest,True
front,63,29.56027704913439,4.685083984440514,-0.35,25.0,10.0,7.003174924083545,2.6299250802667236,2.6299250802667236,0.14285714285714285,0.21951219512195122,0.07665505226480837,walk_forward,rest,True
front,64,29.56027704913439,4.685083984440514,-0.35,25.0,10.0,7.003174924083545,2.6299250802667236,2.6299250802667236,0.5714285714285714,0.5609756097560976,-0.010452961672473782,walk_forward,rest,True
front,65,29.56027704913439,4.685083984440514,-0.35,25.0,10.0,7.003174924083545,2.6299250802667236,2.6299250802667236,0.2857142857142857,0.21951219512195122,-0.06620209059233448,walk_forward,rest,True
front,66,29.56027704913439,4.685083984440514,-0.35,25.0,10.0,7.003174924083545,2.6299250802667236,2.6299250802667236,0.14285714285714285,0.21951219512195122,0.07665505226480837,walk_forward,rest,True
front,67,29.56027704913439,4.685083984440514,-0.35,25.0,10.0,7.003174924083545,2.6299250802667236,2.6299250802667236,0.5714285714285714,0.5609756097560976,-0.010452961672473782,walk_forward,rest,True
front,68,29.56027704913439,4.685083984440514,-0.35,25.0,10.0,7.003174924083545,2.6299250802667236,2.6299250802667236,0.2857142857142857,0.21951219512195122,-0.06620209059233448,walk_forward,rest,True
front,69,29.56027704913439,4.685083984440514,-0.35,25.0,10.0,7.003174924083545,2.6299250802667236,2.6299250802667236,0.14285714285714285,0.21951219512195122,0.07665505226480837,walk_forward,rest,True
front,70,29.56027704913439,4.685083984440514,-0.35,25.0,10.0,7.003174924083545,2.6299250802667236,2.6299250802667236,0.5714285714285714,0.5609756097560976,-0.010452961672473782,walk_forward,rest,True
front,71,29.56027704913439,4.685083984440514,-0.35,25.0,10.0,7.003174924083545,2.6299250802667236,2.6299250802667236,0.2857142857142857,0.21951219512195122,-0.06620209059233448,walk_forward,rest,True
front,72,29.56027704913439,4.685083984440514,-0.35,25.0,10.0,7.003174924083545,2.6299250802667236,2.6299250802667236,0.14285714285714285,0.21951219512195122,0.07665505226480837,walk_forward,rest,True
front,73,29.56027704913439,4.685083984440514,-0.35,25.0,10.0,7.003174924083545,2.6299250802667236,2.6299250802667236,0.5714285714285714,0.5609756097560976,-0.010452961672473782,walk_forward,rest,True
front,74,29.56027704913439,4.685083984440514,-0.35,25.0,10.0,7.003174924083545,2.6299250802667236,2.6299250802667236,0.2857142857142857,0.21951219512195122,-0.06620209059233448,walk_forward,rest,True
front,75,29.56027704913439,4.685083984440514,-0.35,25.0,10.0,7.003174924083545,2.6299250802667236,2.6299250802667236,0.14285714285714285,0.21951219512195122,0.07665505226480837,walk_forward,rest,True
front,76,29.56027704913439,4.685083984440514,-0.35,25.0,10.0,7.003174924083545,2.6299250802667236,2.6299250802667236,0.5714285714285714,0.5609756097560976,-0.010452961672473782,walk_forward,rest,True
front,77,29.56027704913439,4.685083984440514,-0.35,25.0,10.0,7.003174924083545,2.6299250802667236,2.6299250802667236,0.2857142857142857,0.21951219512195122,-0.06620209059233448,walk_forward,rest,True
front,78,29.56027704913439,4.685083984440514,-0.35,25.0,10.0,7.003174924083545,2.6299250802667236,2.6299250802667236,0.14285714285714285,0.21951219512195122,0.07665505226480837,walk_forward,rest,True
front,79,29.56027704913439,4.685083984440514,-0.35,25.0,10.0,7.003174924083545,2.6299250802667236,2.6299250802667236,0.5714285714285714,0.5609756097560976,-0.010452961672473782,walk_forward,rest,True
front,80,29.56027704913439,4.685083984440514,-0.35,25.0,10.0,7.003174924083545,2.6299250802667236,2.6299250802667236,0.2857142857142857,0.21951219512195122,-0.06620209059233448,walk_forward,rest,True
front,81,29.56027704913439,4.685083984440514,-0.35,25.0,10.0,7.003174924083545,2.6299250802667236,2.6299250802667236,0.14285714285714285,0.21951219512195122,0.07665505226480837,walk_forward,rest,True
front,82,29.56027704913439,4.685083984440514,-0.35,25.0,10.0,7.003174924083545,2.6299250802667236,2.6299250802667236,0.5714285714285714,0.5609756097560976,-0.010452961672473782,walk_forward,rest,True
front,83,29.56027704913439,4.685083984440514,-0.35,25.0,10.0,7.003174924083545,2.6299250802667236,2.6299250802667236,0.2857142857142857,0.21951219512195122,-0.06620209059233448,walk_forward,rest,True
front,84,29.56027704913439,4.685083984440514,-0.35,25.0,10.0,7.003174924083545,2.6299250802667236,2.6299250802667236,0.14285714285714285,0.21951219512195122,0.07665505226480837,walk_forward,rest,True
front,85,29.56027704913439,4.685083984440514,-0.35,25.0,10.0,7.003174924083545,2.6299250802667236,2.6299250802667236,0.5714285714285714,0.5609756097560976,-0.010452961672473782,walk_forward,rest,True
front,86,29.56027704913439,4.685083984440514,-0.35,25.0,10.0,7.003174924083545,2.6299250802667236,2.6299250802667236,0.2857142857142857,0.21951219512195122,-0.06620209059233448,walk_forward,rest,True
front,87,29.56027704913439,4.685083984440514,-0.35,25.0,10.0,7.003174924083545,2.6299250802667236,2.6299250802667236,0.14285714285714285,0.21951219512195122,0.07665505226480837,walk_forward,rest,True
front,88,29.56027704913439,4.685083984440514,-0.35,25.0,10.0,7.003174924083545,2.6299250802667236,2.6299250802667236,0.5714285714285714,0.5609756097560976,-0.010452961672473782,walk_forward,rest,True
front,89,29.56027704913439,4.685083984440514,-0.35,25.0,10.0,7.003174924083545,2.6299250802667236,2.6299250802667236,0.2857142857142857,0.21951219512195122,-0.06620209059233448,walk_forward,rest,True
front,90,29.56027704913439,4.685083984440514,-0.35,25.0,10.0,7.003174924083545,2.6299250802667236,2.6299250802667236,0.14285714285714285,0.21951219512195122,0.07665505226480837,walk_forward,rest,True
front,91,29.56027704913439,4.685083984440514,-0.35,25.0,10.0,7.003174924083545,2.6299250802667236,2.6299250802667236,0.5714285714285714,0.5609756097560976,-0.010452961672473782,walk_forward,rest,True
front,92,29.56027704913439,4.685083984440514,-0.35,25.0,10.0,7.003174924083545,2.6299250802667236,2.6299250802667236,0.2857142857142857,0.21951219512195122,-0.06620209059233448,walk_forward,rest,True
front,93,29.56027704913439,4.685083984440514,-0.35,25.0,10.0,7.003174924083545,2.6299250802667236,2.6299250802667236,0.14285714285714285,0.21951219512195122,0.07665505226480837,walk_forward,rest,True
front,94,29.56027704913439,4.685083984440514,-0.35,25.0,10.0,7.003174924083545,2.6299250802667236,2.6299250802667236,0.5714285714285714,0.5609756097560976,-0.010452961672473782,walk_forward,rest,True
front,95,29.56027704913439,4.685083984440514,-0.35,25.0,10.0,7.003174924083545,2.6299250802667236,2.6299250802667236,0.2857142857142857,0.21951219512195122,-0.06620209059233448,walk_forward,rest,True
front,96,29.56027704913439,4.685083984440514,-0.35,25.0,10.0,7.003174924083545,2.6299250802667236,2.6299250802667236,0.14285714285714285,0.21951219512195122,0.07665505226480837,walk_forward,rest,True
front,97,29.56027704913439,4.685083984440514,-0.35,25.0,10.0,7.003174924083545,2.6299250802667236,2.6299250802667236,0.5714285714285714,0.5609756097560976,-0.010452961672473782,walk_forward,rest,True
front,98,29.56027704913439,4.685083984440514,-0.35,25.0,10.0,7.003174924083545,2.6299250802667236,2.6299250802667236,0.2857142857142857,0.21951219512195122,-0.06620209059233448,walk_forward,rest,True
front,99,29.56027704913439,4.685083984440514,-0.35,25.0,10.0,7.003174924083545,2.6299250802667236,2.6299250802667236,0.14285714285714285,0.21951219512195122,0.07665505226480837,walk_forward,rest,True
