scenario,step,requested_action,action,turn_bias,delta_heading,delta_x,delta_y,delta_distance,collision
left,1,turn_left,turn_left,-0.2661149825783972,0.35,0.46968635642368994,0.17144890372772537,-0.16023262848935538,False
left,2,walk_forward,walk_forward,0.07186411149825786,0.0,0.46968635642368994,0.17144890372772537,-0.13708506964736067,False
left,3,turn_right,turn_right,0.1925087108013937,-0.35,0.5,0.0,0.06109855207533599,False
left,4,turn_left,turn_left,-0.26437282229965153,0.35,0.46968635642368994,0.17144890372772537,-0.08792818631249766,False
left,5,walk_forward,walk_forward,0.07186411149825786,0.0,0.46968635642368994,0.17144890372772537,-0.06269329479365382,False
left,6,turn_right,turn_right,0.1925087108013937,-0.35,0.5,0.0,0.13576767342095408,False
left,7,turn_left,turn_left,-0.26437282229965153,0.35,0.46968635642368994,0.17144890372772537,-0.012296561765250402,False
left,8,walk_forward,walk_forward,0.07186411149825786,0.0,0.46968635642368994,0.17144890372772537,0.013362737548305859,False
left,9,turn_right,turn_right,0.1925087108013937,-0.35,0.5,0.0,0.2064361564254309,False
left,10,turn_left,turn_left,-0.26437282229965153,0.35,0.46968635642368994,0.17144890372772537,0.06158274785416751,False
left,11,walk_forward,walk_forward,0.07186411149825786,0.0,0.46968635642368994,0.17144890372772537,0.08597955804968826,False
left,12,turn_right,turn_right,0.1925087108013937,-0.35,0.5,0.0,0.26896058628129715,False
left,13,turn_left,turn_left,-0.26437282229965153,0.35,0.46968635642368994,0.17144890372772537,0.12932872732010914,False
left,14,walk_forward,walk_forward,0.07186411149825786,0.0,0.46968635642368994,0.17144890372772537,0.1512476902845563,False
left,15,turn_right,turn_right,0.1925087108013937,-0.35,0.5,0.0,0.3211939540586215,False
left,16,turn_left,turn_left,-0.26437282229965153,0.35,0.46968635642368994,0.17144890372772537,0.1883410403532686,False
left,17,walk_forward,walk_forward,0.07186411149825786,0.0,0.46968635642368994,0.17144890372772537,0.207224110121901,False
left,18,turn_right,turn_right,0.1925087108013937,-0.35,0.5,0.0,0.36298458826196267,False
left,19,turn_left,turn_left,-0.26437282229965153,0.35,0.46968635642368994,0.17144890372772537,0.23789384584283368,False
left,20,walk_forward,walk_forward,0.07186411149825786,0.0,0.46968635642368994,0.17144890372772537,0.25372481130822244,False
left,21,turn_right,turn_right,0.1925087108013937,-0.35,0.5,0.0,0.3954722642487649,False
left,22,turn_left,turn_left,-0.26437282229965153,0.35,0.46968635642368994,0.17144890372772537,0.27856674256689296,False
left,23,walk_forward,walk_forward,0.07186411149825786,0.0,0.46968635642368994,0.17144890372772537,0.291643207372573,False
left,24,turn_right,turn_right,0.1925087108013937,-0.35,0.5,0.0,0.4203122599287443,False
left,25,turn_left,turn_left,-0.26437282229965153,0.35,0.46968635642368994,0.17144890372772537,0.3115681940609356,False
left,26,walk_forward,walk_forward,0.07186411149825786,0.0,0.46968635642368994,0.17144890372772537,0.32230778629272017,False
left,27,turn_right,turn_right,0.1925087108013937,-0.35,0.5,0.0,0.4391611575853194,False
left,28,turn_left,turn_left,-0.26437282229965153,0.35,0.46968635642368994,0.17144890372772537,0.3382537410649622,False
left,29,walk_forward,walk_forward,0.07186411149825786,0.0,0.46968635642368994,0.17144890372772537,0.3470780689715305,False
left,30,turn_right,turn_right,0.1925087108013937,-0.35,0.5,0.0,0.45344157400254304,False
left,31,turn_left,turn_left,-0.26437282229965153,0.35,0.46968635642368994,0.17144890372772537,0.35987469112987647,False
left,32,walk_forward,rest,0.07186411149825786,0.0,0.0,0.0,0.0,True
left,33,turn_right,rest,0.1925087108013937,0.0,0.0,0.0,0.0,True
left,34,turn_left,rest,-0.26437282229965153,0.0,0.0,0.0,0.0,True
left,35,walk_forward,rest,0.07186411149825786,0.0,0.0,0.0,0.0,True
left,36,turn_right,rest,0.1925087108013937,0.0,0.0,0.0,0.0,True
left,37,turn_left,rest,-0.26437282229965153,0.0,0.0,0.0,0.0,True
left,38,walk_forward,rest,0.07186411149825786,0.0,0.0,0.0,0.0,True
left,39,turn_right,rest,0.1925087108013937,0.0,0.0,0.0,0.0,True
left,40,turn_left,rest,-0.26437282229965153,0.0,0.0,0.0,0.0,True
left,41,walk_forward,rest,0.07186411149825786,0.0,0.0,0.0,0.0,True
left,42,turn_right,rest,0.1925087108013937,0.0,0.0,0.0,0.0,True
left,43,turn_left,rest,-0.26437282229965153,0.0,0.0,0.0,0.0,True
left,44,walk_forward,rest,0.07186411149825786,0.0,0.0,0.0,0.0,True
left,45,turn_right,rest,0.1925087108013937,0.0,0.0,0.0,0.0,True
left,46,turn_left,rest,-0.26437282229965153,0.0,0.0,0.0,0.0,True
left,47,walk_forward,rest,0.07186411149825786,0.0,0.0,0.0,0.0,True
left,48,turn_right,rest,0.1925087108013937,0.0,0.0,0.0,0.0,True
left,49,turn_left,rest,-0.26437282229965153,0.0,0.0,0.0,0.0,True
left,50,walk_forward,rest,0.07186411149825786,0.0,0.0,0.0,0.0,True
left,51,turn_right,rest,0.1925087108013937,0.0,0.0,0.0,0.0,True
left,52,turn_left,rest,-0.26437282229965153,0.0,0.0,0.0,0.0,True
left,53,walk_forward,rest,0.07186411149825786,0.0,0.0,0.0,0.0,True
left,54,turn_right,rest,0.1925087108013937,0.0,0.0,0.0,0.0,True
left,55,turn_left,rest,-0.26437282229965153,0.0,0.0,0.0,0.0,True
left,56,walk_forward,rest,0.07186411149825786,0.0,0.0,0.0,0.0,True
left,57,turn_right,rest,0.1925087108013937,0.0,0.0,0.0,0.0,True
left,58,turn_left,rest,-0.26437282229965153,0.0,0.0,0.0,0.0,True
left,59,walk_forward,rest,0.07186411149825786,0.0,0.0,0.0,0.0,True
left,60,turn_right,rest,0.1925087108013937,0.0,0.0,0.0,0.0,True
left,61,turn_left,rest,-0.26437282229965153,0.0,0.0,0.0,0.0,True
left,62,walk_forward,rest,0.07186411149825786,0.0,0.0,0.0,0.0,True
left,63,turn_right,rest,0.1925087108013937,0.0,0.0,0.0,0.0,True
left,64,turn_left,rest,-0.26437282229965153,0.0,0.0,0.0,0.0,True
left,65,walk_forward,rest,0.07186411149825786,0.0,0.0,0.0,0.0,True
left,66,turn_right,rest,0.1925087108013937,0.0,0.0,0.0,0.0,True
left,67,turn_left,rest,-0.26437282229965153,0.0,0.0,0.0,0.0,True
left,68,walk_forward,rest,0.07186411149825786,0.0,0.0,0.0,0.0,True
left,69,turn_right,rest,0.1925087108013937,0.0,0.0,0.0,0.0,True
left,70,turn_left,rest,-0.26437282229965153,0.0,0.0,0.0,0.0,True
left,71,walk_forward,rest,0.07186411149825786,0.0,0.0,0.0,0.0,True
left,72,turn_right,rest,0.1925087108013937,0.0,0.0,0.0,0.0,True
left,73,turn_left,rest,-0.26437282229965153,0.0,0.0,0.0,0.0,True
left,74,walk_forward,rest,0.07186411149825786,0.0,0.0,0.0,0.0,True
left,75,turn_right,rest,0.1925087108013937,0.0,0.0,0.0,0.0,True
left,76,turn_left,rest,-0.26437282229965153,0.0,0.0,0.0,0.0,True
left,77,walk_forward,rest,0.07186411149825786,0.0,0.0,0.0,0.0,True
left,78,turn_right,rest,0.1925087108013937,0.0,0.0,0.0,0.0,True
left,79,turn_left,rest,-0.26437282229965153,0.0,0.0,0.0,0.0,True
left,80,walk_forward,rest,0.07186411149825786,0.0,0.0,0.0,0.0,True
left,81,turn_right,rest,0.1925087108013937,0.0,0.0,0.0,0.0,True
left,82,turn_left,rest,-0.26437282229965153,0.0,0.0,0.0,0.0,True
left,83,walk_forward,rest,0.07186411149825786,0.0,0.0,0.0,0.0,True
left,84,turn_right,rest,0.1925087108013937,0.0,0.0,0.0,0.0,True
left,85,turn_left,rest,-0.26437282229965153,0.0,0.0,0.0,0.0,True
left,86,walk_forward,rest,0.07186411149825786,0.0,0.0,0.0,0.0,True
left,87,turn_right,rest,0.1925087108013937,0.0,0.0,0.0,0.0,True
left,88,turn_left,rest,-0.26437282229965153,0.0,0.0,0.0,0.0,True
left,89,walk_forward,rest,0.07186411149825786,0.0,0.0,0.0,0.0,True
left,90,turn_right,rest,0.1925087108013937,0.0,0.0,0.0,0.0,True
left,91,turn_left,rest,-0.26437282229965153,0.0,0.0,0.0,0.0,True
left,92,walk_forward,rest,0.07186411149825786,0.0,0.0,0.0,0.0,True
left,93,turn_right,rest,0.1925087108013937,0.0,0.0,0.0,0.0,True
left,94,turn_left,rest,-0.26437282229965153,0.0,0.0,0.0,0.0,True
left,95,walk_forward,rest,0.07186411149825786,0.0,0.0,0.0,0.0,True
left,96,turn_right,rest,0.1925087108013937,0.0,0.0,0.0,0.0,True
left,97,turn_left,rest,-0.26437282229965153,0.0,0.0,0.0,0.0,True
left,98,walk_forward,rest,0.07186411149825786,0.0,0.0,0.0,0.0,True
left,99,turn_right,rest,0.1925087108013937,0.0,0.0,0.0,0.0,True
right,1,turn_right,turn_right,0.2621951219512195,-0.35,0.38242109364224497,-0.32210884361884595,-0.29521230542755994,False
right,2,turn_left,turn_left,-0.10191637630662023,0.35,0.46968635642368817,-0.17144890372772537,-0.11644604617026566,False
right,3,walk_forward,walk_forward,-0.017421602787456414,0.0,0.46968635642368994,-0.17144890372772537,-0.09108872577022709,False
right,4,turn_right,turn_right,0.11933797909407667,-0.35,0.3824210936422432,-0.32210884361884595,-0.23225065564405512,False
right,5,turn_left,turn_left,-0.10191637630662023,0.35,0.46968635642368994,-0.17144890372772537,-0.040707369933869586,False
right,6,walk_forward,walk_forward,-0.017421602787456414,0.0,0.46968635642368994,-0.17144890372772537,-0.013226978564604863,False
right,7,turn_right,turn_right,0.11933797909407667,-0.35,0.3824210936422432,-0.32210884361884595,-0.1584860865301465,False
right,8,turn_left,turn_left,-0.10191637630662023,0.35,0.46968635642368994,-0.17144890372772537,0.04095675519782738,False
right,9,walk_forward,walk_forward,-0.017421602787456414,0.0,0.46968635642368994,-0.17144890372772537,0.06858475083796378,False
right,10,turn_right,turn_right,0.11933797909407667,-0.35,0.3824210936422432,-0.32210884361884595,-0.07834522755325146,False
right,11,turn_left,turn_left,-0.10191637630662023,0.35,0.46968635642368994,-0.17144890372772537,0.12241667359596953,False
right,12,walk_forward,walk_forward,-0.017421602787456414,0.0,0.46968635642368994,-0.17144890372772537,0.14801406101612358,False
right,13,turn_right,turn_right,0.11933797909407667,-0.35,0.3824210936422432,-0.32210884361884595,0.0019032414422195387,False
right,14,turn_left,turn_left,-0.10191637630662023,0.35,0.46968635642368994,-0.17144890372772537,0.19739753747009203,False
right,15,walk_forward,walk_forward,-0.017421602787456414,0.0,0.46968635642368994,-0.17144890372772537,0.21937645824333174,False
right,16,turn_right,turn_right,0.11933797909407667,-0.35,0.3824210936422432,-0.32210884361884595,0.0763856869584334,False
right,17,turn_left,turn_left,-0.10191637630662023,0.35,0.46968635642368994,-0.17144890372772537,0.2616703583264588,False
right,18,walk_forward,walk_forward,-0.017421602787456414,0.0,0.46968635642368994,-0.17144890372772537,0.27943026531767146,False
right,19,turn_right,turn_right,0.11933797909407667,-0.35,0.3824210936422432,-0.32210884361884595,0.1414322167565203,False
right,20,turn_left,turn_left,-0.12630662020905925,0.35,0.46968635642368994,-0.17144890372772537,0.3138541582527452,False
right,21,walk_forward,walk_forward,0.006968641114982577,0.0,0.46968635642368994,-0.17144890372772537,0.32761877111537707,False
right,22,turn_right,turn_right,0.11933797909407667,-0.35,0.3824210936422432,-0.32210884361884595,0.19589244656864224,False
right,23,turn_left,turn_left,-0.12630662020905925,0.35,0.46968635642368994,-0.17144890372772537,0.35474672074848357,False
right,24,walk_forward,walk_forward,0.006968641114982577,0.0,0.46968635642368994,-0.17144890372772537,0.3651592118080149,False
right,25,turn_right,turn_right,0.11933797909407667,-0.35,0.3824210936422432,-0.32210884361884595,0.24037169801008496,False
right,26,turn_left,turn_left,-0.12630662020905925,0.35,0.46968635642368994,-0.17144890372772537,0.38618196142955163,False
right,27,walk_forward,walk_forward,0.006968641114982577,0.0,0.46968635642368994,-0.1714489037277258,0.39397337083438266,False
right,28,turn_right,turn_right,0.11933797909407667,-0.35,0.3824210936422432,-0.3221088436188455,0.2762886648768923,False
right,29,turn_left,turn_left,-0.12630662020905925,0.35,0.46968635642368994,-0.1714489037277258,0.4101739956954038,False
right,30,walk_forward,walk_forward,0.006968641114982577,0.0,0.46968635642368994,-0.1714489037277258,0.4159934688211493,False
right,31,turn_right,turn_right,0.11933797909407667,-0.35,0.3824210936422432,-0.3221088436188455,0.3052297661574084,False
right,32,turn_left,turn_left,-0.12630662020905925,0.35,0.46968635642368994,-0.1714489037277258,0.4284987291485489,False
right,33,walk_forward,rest,0.006968641114982577,0.0,0.0,0.0,0.0,True
right,34,turn_right,turn_right,0.11933797909407667,-0.35,0.3824210936422432,-0.3221088436188455,0.3225077369209046,False
right,35,turn_left,rest,-0.12630662020905925,0.0,0.0,0.0,0.0,True
right,36,walk_forward,rest,0.006968641114982577,0.0,0.0,0.0,0.0,True
right,37,turn_right,rest,0.11933797909407667,0.0,0.0,0.0,0.0,True
right,38,turn_left,rest,-0.12630662020905925,0.0,0.0,0.0,0.0,True
right,39,walk_forward,rest,0.006968641114982577,0.0,0.0,0.0,0.0,True
right,40,turn_right,rest,0.11933797909407667,0.0,0.0,0.0,0.0,True
right,41,turn_left,rest,-0.12630662020905925,0.0,0.0,0.0,0.0,True
right,42,walk_forward,rest,0.006968641114982577,0.0,0.0,0.0,0.0,True
right,43,turn_right,rest,0.11933797909407667,0.0,0.0,0.0,0.0,True
right,44,turn_left,rest,-0.12630662020905925,0.0,0.0,0.0,0.0,True
right,45,walk_forward,rest,0.006968641114982577,0.0,0.0,0.0,0.0,True
right,46,turn_right,rest,0.11933797909407667,0.0,0.0,0.0,0.0,True
right,47,turn_left,rest,-0.12630662020905925,0.0,0.0,0.0,0.0,True
right,48,walk_forward,rest,0.006968641114982577,0.0,0.0,0.0,0.0,True
right,49,turn_right,rest,0.11933797909407667,0.0,0.0,0.0,0.0,True
right,50,turn_left,rest,-0.12630662020905925,0.0,0.0,0.0,0.0,True
right,51,walk_forward,rest,0.006968641114982577,0.0,0.0,0.0,0.0,True
right,52,turn_right,rest,0.11933797909407667,0.0,0.0,0.0,0.0,True
right,53,turn_left,rest,-0.12630662020905925,0.0,0.0,0.0,0.0,True
right,54,walk_forward,rest,0.006968641114982577,0.0,0.0,0.0,0.0,True
right,55,turn_right,rest,0.11933797909407667,0.0,0.0,0.0,0.0,True
right,56,turn_left,rest,-0.12630662020905925,0.0,0.0,0.0,0.0,True
right,57,walk_forward,rest,0.006968641114982577,0.0,0.0,0.0,0.0,True
right,58,turn_right,rest,0.11933797909407667,0.0,0.0,0.0,0.0,True
right,59,turn_left,rest,-0.12630662020905925,0.0,0.0,0.0,0.0,True
right,60,walk_forward,rest,0.006968641114982577,0.0,0.0,0.0,0.0,True
right,61,turn_right,rest,0.11933797909407667,0.0,0.0,0.0,0.0,True
right,62,turn_left,rest,-0.12630662020905925,0.0,0.0,0.0,0.0,True
right,63,walk_forward,rest,0.006968641114982577,0.0,0.0,0.0,0.0,True
right,64,turn_right,rest,0.11933797909407667,0.0,0.0,0.0,0.0,True
right,65,turn_left,rest,-0.12630662020905925,0.0,0.0,0.0,0.0,True
right,66,walk_forward,rest,0.006968641114982577,0.0,0.0,0.0,0.0,True
right,67,turn_right,rest,0.11933797909407667,0.0,0.0,0.0,0.0,True
right,68,turn_left,rest,-0.12630662020905925,0.0,0.0,0.0,0.0,True
right,69,walk_forward,rest,0.006968641114982577,0.0,0.0,0.0,0.0,True
right,70,turn_right,rest,0.11933797909407667,0.0,0.0,0.0,0.0,True
right,71,turn_left,rest,-0.12630662020905925,0.0,0.0,0.0,0.0,True
right,72,walk_forward,rest,0.006968641114982577,0.0,0.0,0.0,0.0,True
right,73,turn_right,rest,0.11933797909407667,0.0,0.0,0.0,0.0,True
right,74,turn_left,rest,-0.12630662020905925,0.0,0.0,0.0,0.0,True
right,75,walk_forward,rest,0.006968641114982577,0.0,0.0,0.0,0.0,True
right,76,turn_right,rest,0.11933797909407667,0.0,0.0,0.0,0.0,True
right,77,turn_left,rest,-0.12630662020905925,0.0,0.0,0.0,0.0,True
right,78,walk_forward,rest,0.006968641114982577,0.0,0.0,0.0,0.0,True
right,79,turn_right,rest,0.11933797909407667,0.0,0.0,0.0,0.0,True
right,80,turn_left,rest,-0.12630662020905925,0.0,0.0,0.0,0.0,True
right,81,walk_forward,rest,0.006968641114982577,0.0,0.0,0.0,0.0,True
right,82,turn_right,rest,0.11933797909407667,0.0,0.0,0.0,0.0,True
right,83,turn_left,rest,-0.12630662020905925,0.0,0.0,0.0,0.0,True
right,84,walk_forward,rest,0.006968641114982577,0.0,0.0,0.0,0.0,True
right,85,turn_right,rest,0.11933797909407667,0.0,0.0,0.0,0.0,True
right,86,turn_left,rest,-0.12630662020905925,0.0,0.0,0.0,0.0,True
right,87,walk_forward,rest,0.006968641114982577,0.0,0.0,0.0,0.0,True
right,88,turn_right,rest,0.11933797909407667,0.0,0.0,0.0,0.0,True
right,89,turn_left,rest,-0.12630662020905925,0.0,0.0,0.0,0.0,True
right,90,walk_forward,rest,0.006968641114982577,0.0,0.0,0.0,0.0,True
right,91,turn_right,rest,0.11933797909407667,0.0,0.0,0.0,0.0,True
right,92,turn_left,rest,-0.12630662020905925,0.0,0.0,0.0,0.0,True
right,93,walk_forward,rest,0.006968641114982577,0.0,0.0,0.0,0.0,True
right,94,turn_right,rest,0.11933797909407667,0.0,0.0,0.0,0.0,True
right,95,turn_left,rest,-0.12630662020905925,0.0,0.0,0.0,0.0,True
right,96,walk_forward,rest,0.006968641114982577,0.0,0.0,0.0,0.0,True
right,97,turn_right,rest,0.11933797909407667,0.0,0.0,0.0,0.0,True
right,98,turn_left,rest,-0.12630662020905925,0.0,0.0,0.0,0.0,True
right,99,walk_forward,rest,0.006968641114982577,0.0,0.0,0.0,0.0,True
front,1,walk_forward,walk_forward,-0.010452961672473782,0.0,0.46968635642368994,-0.17144890372772537,-0.4647422703185313,False
front,2,walk_forward,walk_forward,-0.06620209059233448,0.0,0.46968635642368994,-0.17144890372772537,-0.4607890802343473,False
front,3,walk_forward,walk_forward,0.07665505226480837,0.0,0.46968635642368994,-0.17144890372772537,-0.4561653528896539,False
front,4,walk_forward,walk_forward,-0.010452961672473782,0.0,0.46968635642368994,-0.17144890372772537,-0.45071976174502826,False
front,5,walk_forward,walk_forward,-0.06620209059233448,0.0,0.46968635642368994,-0.17144890372772537,-0.4442591962388418,False
front,6,walk_forward,walk_forward,0.07665505226480837,0.0,0.46968635642368994,-0.17144890372772537,-0.4365357265539487,False
front,7,walk_forward,walk_forward,-0.010452961672473782,0.0,0.46968635642368994,-0.17144890372772537,-0.4272295143580189,False
front,8,walk_forward,walk_forward,-0.06620209059233448,0.0,0.46968635642368994,-0.17144890372772537,-0.4159268696383398,False
front,9,walk_forward,walk_forward,0.07665505226480837,0.0,0.46968635642368994,-0.17144890372772537,-0.40209319586526604,False
front,10,walk_forward,walk_forward,-0.010452961672473782,0.0,0.46968635642368994,-0.17144890372772537,-0.3850422283930248,False
front,11,walk_forward,walk_forward,-0.06620209059233448,0.0,0.46968635642368994,-0.17144890372772537,-0.36390698467402505,False
front,12,walk_forward,walk_forward,0.07665505226480837,0.0,0.46968635642368994,-0.17144890372772537,-0.33762621911691326,False
front,13,walk_forward,walk_forward,-0.010452961672473782,0.0,0.46968635642368994,-0.17144890372772537,-0.30497517383833816,False
front,14,walk_forward,walk_forward,-0.06620209059233448,0.0,0.46968635642368994,-0.17144890372772537,-0.2646904195680557,False
front,15,walk_forward,walk_forward,0.07665505226480837,0.0,0.46968635642368994,-0.17144890372772537,-0.2157531571057527,False
front,16,walk_forward,walk_forward,-0.010452961672473782,0.0,0.46968635642368994,-0.17144890372772537,-0.15786574710180057,False
front,17,walk_forward,walk_forward,-0.06620209059233448,0.0,0.46968635642368994,-0.17144890372772537,-0.09202618075759306,False
front,18,walk_forward,walk_forward,0.07665505226480837,0.0,0.46968635642368994,-0.17144890372772537,-0.020884095943429326,False
front,19,walk_forward,walk_forward,-0.010452961672473782,0.0,0.46968635642368994,-0.17144890372772537,0.051538237443387036,False
front,20,walk_forward,walk_forward,-0.06620209059233448,0.0,0.46968635642368994,-0.17144890372772537,0.12085408156786315,False
front,21,walk_forward,walk_forward,0.07665505226480837,0.0,0.46968635642368994,-0.17144890372772537,0.18353874829629646,False
front,22,walk_forward,walk_forward,-0.010452961672473782,0.0,0.46968635642368994,-0.17144890372772537,0.2376556509283887,False
front,23,walk_forward,walk_forward,-0.06620209059233448,0.0,0.46968635642368994,-0.17144890372772537,0.28282358454204015,False
front,24,walk_forward,walk_forward,0.07665505226480837,0.0,0.46968635642368994,-0.17144890372772537,0.3197158555826931,False
front,25,walk_forward,walk_forward,-0.010452961672473782,0.0,0.46968635642368994,-0.17144890372772537,0.34950240153102996,False
front,26,walk_forward,walk_forward,-0.06620209059233448,0.0,0.46968635642368994,-0.17144890372772537,0.37345416357679007,False
front,27,walk_forward,walk_forward,0.07665505226480837,0.0,0.46968635642368994,-0.17144890372772537,0.3927347864279964,False
front,28,walk_forward,walk_forward,-0.010452961672473782,0.0,0.46968635642368994,-0.17144890372772537,0.4083232349138868,False
front,29,walk_forward,walk_forward,-0.06620209059233448,0.0,0.46968635642368994,-0.17144890372772537,0.4210066590329449,False
front,30,walk_forward,walk_forward,0.07665505226480837,0.0,0.46968635642368994,-0.17144890372772537,0.43140300581170443,False
front,31,walk_forward,rest,-0.010452961672473782,0.0,0.0,0.0,0.0,True
front,32,walk_forward,rest,-0.06620209059233448,0.0,0.0,0.0,0.0,True
front,33,walk_forward,rest,0.07665505226480837,0.0,0.0,0.0,0.0,True
front,34,walk_forward,rest,-0.010452961672473782,0.0,0.0,0.0,0.0,True
front,35,walk_forward,rest,-0.06620209059233448,0.0,0.0,0.0,0.0,True
front,36,walk_forward,rest,0.07665505226480837,0.0,0.0,0.0,0.0,True
front,37,walk_forward,rest,-0.010452961672473782,0.0,0.0,0.0,0.0,True
front,38,walk_forward,rest,-0.06620209059233448,0.0,0.0,0.0,0.0,True
front,39,walk_forward,rest,0.07665505226480837,0.0,0.0,0.0,0.0,True
front,40,walk_forward,rest,-0.010452961672473782,0.0,0.0,0.0,0.0,True
front,41,walk_forward,rest,-0.06620209059233448,0.0,0.0,0.0,0.0,True
front,42,walk_forward,rest,0.07665505226480837,0.0,0.0,0.0,0.0,True
front,43,walk_forward,rest,-0.010452961672473782,0.0,0.0,0.0,0.0,True
front,44,walk_forward,rest,-0.06620209059233448,0.0,0.0,0.0,0.0,True
front,45,walk_forward,rest,0.07665505226480837,0.0,0.0,0.0,0.0,True
front,46,walk_forward,rest,-0.010452961672473782,0.0,0.0,0.0,0.0,True
front,47,walk_forward,rest,-0.06620209059233448,0.0,0.0,0.0,0.0,True
front,48,walk_forward,rest,0.07665505226480837,0.0,0.0,0.0,0.0,True
front,49,walk_forward,rest,-0.010452961672473782,0.0,0.0,0.0,0.0,True
front,50,walk_forward,rest,-0.06620209059233448,0.0,0.0,0.0,0.0,True
front,51,walk_forward,rest,0.07665505226480837,0.0,0.0,0.0,0.0,True
front,52,walk_forward,rest,-0.010452961672473782,0.0,0.0,0.0,0.0,True
front,53,walk_forward,rest,-0.06620209059233448,0.0,0.0,0.0,0.0,True
front,54,walk_forward,rest,0.07665505226480837,0.0,0.0,0.0,0.0,True
front,55,walk_forward,rest,-0.010452961672473782,0.0,0.0,0.0,0.0,True
front,56,walk_forward,rest,-0.06620209059233448,0.0,0.0,0.0,0.0,True
front,57,walk_forward,rest,0.07665505226480837,0.0,0.0,0.0,0.0,True
front,58,walk_forward,rest,-0.010452961672473782,0.0,0.0,0.0,0.0,True
front,59,walk_forward,rest,-0.06620209059233448,0.0,0.0,0.0,0.0,True
front,60,walk_forward,rest,0.07665505226480837,0.0,0.0,0.0,0.0,True
front,61,walk_forward,rest,-0.010452961672473782,0.0,0.0,0.0,0.0,True
front,62,walk_forward,rest,-0.06620209059233448,0.0,0.0,0.0,0.0,True
front,63,walk_forward,rest,0.07665505226480837,0.0,0.0,0.0,0.0,True
front,64,walk_forward,rest,-0.010452961672473782,0.0,0.0,0.0,0.0,True
front,65,walk_forward,rest,-0.06620209059233448,0.0,0.0,0.0,0.0,True
front,66,walk_forward,rest,0.07665505226480837,0.0,0.0,0.0,0.0,True
front,67,walk_forward,rest,-0.010452961672473782,0.0,0.0,0.0,0.0,True
front,68,walk_forward,rest,-0.06620209059233448,0.0,0.0,0.0,0.0,True
front,69,walk_forward,rest,0.07665505226480837,0.0,0.0,0.0,0.0,True
front,70,walk_forward,rest,-0.010452961672473782,0.0,0.0,0.0,0.0,True
front,71,walk_forward,rest,-0.06620209059233448,0.0,0.0,0.0,0.0,True
front,72,walk_forward,rest,0.07665505226480837,0.0,0.0,0.0,0.0,True
front,73,walk_forward,rest,-0.010452961672473782,0.0,0.0,0.0,0.0,True
front,74,walk_forward,rest,-0.06620209059233448,0.0,0.0,0.0,0.0,True
front,75,walk_forward,rest,0.07665505226480837,0.0,0.0,0.0,0.0,True
front,76,walk_forward,rest,-0.010452961672473782,0.0,0.0,0.0,0.0,True
front,77,walk_forward,rest,-0.06620209059233448,0.0,0.0,0.0,0.0,True
front,78,walk_forward,rest,0.07665505226480837,0.0,0.0,0.0,0.0,True
front,79,walk_forward,rest,-0.010452961672473782,0.0,0.0,0.0,0.0,True
front,80,walk_forward,rest,-0.06620209059233448,0.0,0.0,0.0,0.0,True
front,81,walk_forward,rest,0.07665505226480837,0.0,0.0,0.0,0.0,True
front,82,walk_forward,rest,-0.010452961672473782,0.0,0.0,0.0,0.0,True
front,83,walk_forward,rest,-0.06620209059233448,0.0,0.0,0.0,0.0,True
front,84,walk_forward,rest,0.07665505226480837,0.0,0.0,0.0,0.0,True
front,85,walk_forward,rest,-0.010452961672473782,0.0,0.0,0.0,0.0,True
front,86,walk_forward,rest,-0.06620209059233448,0.0,0.0,0.0,0.0,True
front,87,walk_forward,rest,0.07665505226480837,0.0,0.0,0.0,0.0,True
front,88,walk_forward,rest,-0.010452961672473782,0.0,0.0,0.0,0.0,True
front,89,walk_forward,rest,-0.06620209059233448,0.0,0.0,0.0,0.0,True
front,90,walk_forward,rest,0.07665505226480837,0.0,0.0,0.0,0.0,True
front,91,walk_forward,rest,-0.010452961672473782,0.0,0.0,0.0,0.0,True
front,92,walk_forward,rest,-0.06620209059233448,0.0,0.0,0.0,0.0,True
front,93,walk_forward,rest,0.07665505226480837,0.0,0.0,0.0,0.0,True
front,94,walk_forward,rest,-0.010452961672473782,0.0,0.0,0.0,0.0,True
front,95,walk_forward,rest,-0.06620209059233448,0.0,0.0,0.0,0.0,True
front,96,walk_forward,rest,0.07665505226480837,0.0,0.0,0.0,0.0,True
front,97,walk_forward,rest,-0.010452961672473782,0.0,0.0,0.0,0.0,True
front,98,walk_forward,rest,-0.06620209059233448,0.0,0.0,0.0,0.0,True
front,99,walk_forward,rest,0.07665505226480837,0.0,0.0,0.0,0.0,True
