scenario,step,x,y,heading,left_sensor,right_sensor,locomotion_drive,left_drive,right_drive,turn_bias,action,collision,requested_action
light_source,0,5.0,5.0,0.0,0.282842712474619,0.04040610178208848,0.0380952380952381,0.017857142857142856,0.04878048780487805,0.030923344947735194,idle,False,idle
light_source,1,5.469686356423689,5.171448903727725,0.35,0.282842712474619,0.04040610178208848,0.21904761904761905,0.3392857142857143,0.07317073170731707,-0.2661149825783972,turn_left,False,turn_left
light_source,2,5.939372712847378,5.342897807455451,0.35,0.26471181481895995,0.13983629017792823,0.3333333333333333,0.32142857142857145,0.3170731707317073,-0.004355400696864131,walk_forward,False,walk_forward
light_source,3,6.439372712847378,5.342897807455451,0.0,0.27766154529833015,0.14450585968964377,0.3904761904761905,0.26785714285714285,0.5609756097560976,0.29311846689895477,turn_right,False,turn_right
light_source,4,6.909059069271067,5.514346711183176,0.35,0.3220665316493902,0.037847101777235666,0.2761904761904762,0.4107142857142857,0.12195121951219512,-0.2887630662020906,turn_left,False,turn_left
light_source,5,7.378745425694756,5.6857956149109015,0.35,0.302684647463928,0.1500486465211726,0.3333333333333333,0.32142857142857145,0.3170731707317073,-0.004355400696864131,walk_forward,False,walk_forward
light_source,6,7.878745425694756,5.6857956149109015,0.0,0.3158890668427051,0.15383514637278226,0.3904761904761905,0.26785714285714285,0.5609756097560976,0.29311846689895477,turn_right,False,turn_right
light_source,7,8.348431782118446,5.857244518638627,0.35,0.3609446502542447,0.03223079230691325,0.2761904761904762,0.4107142857142857,0.12195121951219512,-0.2887630662020906,turn_left,False,turn_left
light_source,8,8.818118138542136,6.028693422366352,0.35,0.3413863804892105,0.15710048563877618,0.3333333333333333,0.32142857142857145,0.3170731707317073,-0.004355400696864131,walk_forward,False,walk_forward
light_source,9,9.318118138542136,6.028693422366352,0.0,0.3548482703649237,0.15982112540281404,0.3904761904761905,0.26785714285714285,0.5609756097560976,0.29311846689895477,turn_right,False,turn_right
light_source,10,9.787804494965826,6.200142326094078,0.35,0.39925542581789797,0.023031468091184237,0.2761904761904762,0.4107142857142857,0.12195121951219512,-0.2887630662020906,turn_left,False,turn_left
light_source,11,10.257490851389516,6.371591229821803,0.35,0.38077640581025574,0.1603808050743918,0.3333333333333333,0.32142857142857145,0.3170731707317073,-0.004355400696864131,walk_forward,False,walk_forward
light_source,12,10.757490851389516,6.371591229821803,0.0,0.39448356301608917,0.16180816855572477,0.3904761904761905,0.26785714285714285,0.5609756097560976,0.29311846689895477,turn_right,False,turn_right
light_source,13,11.227177207813206,6.543040133549528,0.35,0.436679772550429,0.009621685742763586,0.2761904761904762,0.4107142857142857,0.12195121951219512,-0.2887630662020906,turn_left,False,turn_left
light_source,14,11.696863564236896,6.714489037277254,0.35,0.4207482531184889,0.1591395859870063,0.3333333333333333,0.32142857142857145,0.3170731707317073,-0.004355400696864131,walk_forward,False,walk_forward
light_source,15,12.196863564236896,6.714489037277254,0.0,0.43466277551858434,0.15899090624593673,0.3904761904761905,0.26785714285714285,0.5609756097560976,0.29311846689895477,turn_right,False,turn_right
light_source,16,12.666549920660586,6.885937941004979,0.35,0.4727588359307558,0.0,0.2761904761904762,0.4107142857142857,0.12195121951219512,-0.2887630662020906,turn_left,False,turn_left
light_source,17,13.136236277084276,7.057386844732704,0.35,0.46108903921097855,0.15245941186074785,0.3333333333333333,0.32142857142857145,0.3170731707317073,-0.004355400696864131,walk_forward,False,walk_forward
light_source,18,13.636236277084276,7.057386844732704,0.0,0.47513033404250166,0.1503848894091793,0.3904761904761905,0.26785714285714285,0.5609756097560976,0.29311846689895477,turn_right,False,turn_right
light_source,19,14.105922633507966,7.22883574846043,0.35,0.5068340307495991,0.0,0.2761904761904762,0.4107142857142857,0.12195121951219512,-0.2887630662020906,turn_left,False,turn_left
light_source,20,14.575608989931656,7.400284652188155,0.35,0.5014172829712747,0.13922887136353665,0.3333333333333333,0.32142857142857145,0.3170731707317073,-0.004355400696864131,walk_forward,False,walk_forward
light_source,21,15.075608989931656,7.400284652188155,0.0,0.5154356463395122,0.13480116427447247,0.3904761904761905,0.26785714285714285,0.5609756097560976,0.29311846689895477,turn_right,False,turn_right
light_source,22,15.545295346355346,7.5717335559158805,0.35,0.5379642271564155,0.0,0.2761904761904762,0.4107142857142857,0.12195121951219512,-0.2887630662020906,turn_left,False,turn_left
light_source,23,16.014981702779036,7.743182459643606,0.35,0.5410897867011852,0.11812798572410876,0.3333333333333333,0.32142857142857145,0.3170731707317073,-0.004355400696864131,walk_forward,False,walk_forward
light_source,24,16.514981702779036,7.743182459643606,0.0,0.5548265937289463,0.11083793794722482,0.3904761904761905,0.26785714285714285,0.5609756097560976,0.29311846689895477,turn_right,False,turn_right
light_source,25,16.984668059202725,7.914631363371331,0.35,0.5648169000452739,0.0,0.2761904761904762,0.4107142857142857,0.12195121951219512,-0.2887630662020906,turn_left,False,turn_left
light_source,26,17.454354415626415,8.086080267099057,0.35,0.5790678460779248,0.08764710057078626,0.3333333333333333,0.32142857142857145,0.3170731707317073,-0.004355400696864131,walk_forward,False,walk_forward
light_source,27,17.954354415626415,8.086080267099057,0.0,0.5920987349474137,0.0769162359965767,0.3904761904761905,0.26785714285714285,0.5609756097560976,0.29311846689895477,turn_right,False,turn_right
light_source,28,18.424040772050105,8.257529170826782,0.35,0.5855385889535247,0.0,0.2761904761904762,0.4107142857142857,0.12195121951219512,-0.2887630662020906,turn_left,False,turn_left
light_source,29,18.893727128473795,8.428978074554507,0.35,0.6137390399197779,0.04617960125180822,0.3333333333333333,0.32142857142857145,0.3170731707317073,-0.004355400696864131,walk_forward,False,walk_forward
light_source,30,19.393727128473795,8.428978074554507,0.0,0.6254006273138878,0.03140873868671259,0.3904761904761905,0.26785714285714285,0.5609756097560976,0.29311846689895477,turn_right,False,turn_right
light_source,31,19.863413484897485,8.600426978282233,0.35,0.5976329063275868,0.0,0.2761904761904762,0.4107142857142857,0.12195121951219512,-0.2887630662020906,turn_left,False,turn_left
light_source,32,20.333099841321175,8.771875882009958,0.35,0.6427135941739675,0.0,0.3333333333333333,0.32142857142857145,0.3170731707317073,-0.004355400696864131,walk_forward,False,walk_forward
light_source,33,20.833099841321175,8.771875882009958,0.0,0.652027591181179,0.0,0.3904761904761905,0.26785714285714285,0.5609756097560976,0.29311846689895477,turn_right,False,turn_right
light_source,34,21.302786197744865,8.943324785737683,0.35,0.5979226860897376,0.0,0.2761904761904762,0.4107142857142857,0.12195121951219512,-0.2887630662020906,turn_left,False,turn_left
light_source,35,21.772472554168555,9.114773689465409,0.35,0.6626707168170636,0.0,0.3333333333333333,0.32142857142857145,0.3170731707317073,-0.004355400696864131,walk_forward,False,walk_forward
light_source,36,22.272472554168555,9.114773689465409,0.0,0.6683089509940819,0.0,0.3904761904761905,0.26785714285714285,0.5609756097560976,0.29311846689895477,turn_right,False,turn_right
light_source,37,22.742158910592245,9.286222593193134,0.35,0.582750344017488,0.0,0.2761904761904762,0.4107142857142857,0.12195121951219512,-0.2887630662020906,turn_left,False,turn_left
light_source,38,23.211845267015935,9.45767149692086,0.35,0.6694320736174061,0.0,0.3333333333333333,0.32142857142857145,0.3170731707317073,-0.004355400696864131,walk_forward,False,walk_forward
light_source,39,23.711845267015935,9.45767149692086,0.0,0.6698107021259417,0.0,0.3904761904761905,0.26785714285714285,0.5609756097560976,0.29311846689895477,turn_right,False,turn_right
light_source,40,24.181531623439625,9.629120400648585,0.35,0.5486374127386773,0.0,0.2761904761904762,0.4107142857142857,0.12195121951219512,-0.2887630662020906,turn_left,False,turn_left
light_source,41,24.651217979863315,9.80056930437631,0.35,0.658545907081662,0.0,0.3333333333333333,0.32142857142857145,0.3170731707317073,-0.004355400696864131,walk_forward,False,walk_forward
light_source,42,25.151217979863315,9.80056930437631,0.0,0.6521598598380062,0.0,0.3904761904761905,0.26785714285714285,0.5609756097560976,0.29311846689895477,turn_right,False,turn_right
light_source,43,25.620904336287005,9.972018208104036,0.35,0.49354202750508025,0.0,0.2761904761904762,0.4107142857142857,0.12195121951219512,-0.2887630662020906,turn_left,False,turn_left
light_source,44,26.090590692710695,10.143467111831761,0.35,0.6266037720602019,0.0,0.3333333333333333,0.32142857142857145,0.3170731707317073,-0.004355400696864131,walk_forward,False,walk_forward
light_source,45,26.590590692710695,10.143467111831761,0.0,0.6126191022534395,0.0,0.3904761904761905,0.26785714285714285,0.5609756097560976,0.29311846689895477,turn_right,False,turn_right
light_source,46,27.060277049134385,10.314916015559486,0.35,0.4184269815772945,0.0,0.2761904761904762,0.4107142857142857,0.12195121951219512,-0.2887630662020906,turn_left,False,turn_left
light_source,47,27.529963405558075,10.486364919287212,0.35,0.5730274096912027,0.0,0.3333333333333333,0.32142857142857145,0.3170731707317073,-0.004355400696864131,walk_forward,False,walk_forward
light_source,48,28.029963405558075,10.486364919287212,0.0,0.5518827870900432,0.0,0.3904761904761905,0.26785714285714285,0.5609756097560976,0.29311846689895477,turn_right,False,turn_right
light_source,49,28.499649761981765,10.657813823014937,0.35,0.32818730860698486,0.0,0.2761904761904762,0.4107142857142857,0.12195121951219512,-0.2887630662020906,turn_left,False,turn_left
light_source,50,28.969336118405455,10.829262726742662,0.35,0.5012798544597696,0.0,0.3333333333333333,0.32142857142857145,0.3170731707317073,-0.004355400696864131,walk_forward,False,walk_forward
light_source,51,29.469336118405455,10.829262726742662,0.0,0.4748271859370263,0.0,0.3904761904761905,0.26785714285714285,0.5609756097560976,0.29311846689895477,turn_right,False,turn_right
light_source,52,29.939022474829144,11.000711630470388,0.35,0.23087965489337253,0.0,0.2761904761904762,0.4107142857142857,0.12195121951219512,-0.2887630662020906,turn_left,False,turn_left
light_source,53,29.939022474829144,11.000711630470388,0.35,0.4183205126863996,0.0,0.0,0.32142857142857145,0.3170731707317073,-0.004355400696864131,rest,True,walk_forward
light_source,54,29.939022474829144,11.000711630470388,0.35,0.4183205126863996,0.0,0.0,0.26785714285714285,0.5609756097560976,0.29311846689895477,rest,True,turn_right
light_source,55,29.939022474829144,11.000711630470388,0.35,0.4183205126863996,0.0,0.0,0.4107142857142857,0.12195121951219512,-0.2887630662020906,rest,True,turn_left
light_source,56,29.939022474829144,11.000711630470388,0.35,0.4183205126863996,0.0,0.0,0.32142857142857145,0.3170731707317073,-0.004355400696864131,rest,True,walk_forward
light_source,57,29.939022474829144,11.000711630470388,0.35,0.4183205126863996,0.0,0.0,0.26785714285714285,0.5609756097560976,0.29311846689895477,rest,True,turn_right
light_source,58,29.939022474829144,11.000711630470388,0.35,0.4183205126863996,0.0,0.0,0.4107142857142857,0.12195121951219512,-0.2887630662020906,rest,True,turn_left
light_source,59,29.939022474829144,11.000711630470388,0.35,0.4183205126863996,0.0,0.0,0.32142857142857145,0.3170731707317073,-0.004355400696864131,rest,True,walk_forward
light_source,60,29.939022474829144,11.000711630470388,0.35,0.4183205126863996,0.0,0.0,0.26785714285714285,0.5609756097560976,0.29311846689895477,rest,True,turn_right
light_source,61,29.939022474829144,11.000711630470388,0.35,0.4183205126863996,0.0,0.0,0.4107142857142857,0.12195121951219512,-0.2887630662020906,rest,True,turn_left
light_source,62,29.939022474829144,11.000711630470388,0.35,0.4183205126863996,0.0,0.0,0.32142857142857145,0.3170731707317073,-0.004355400696864131,rest,True,walk_forward
light_source,63,29.939022474829144,11.000711630470388,0.35,0.4183205126863996,0.0,0.0,0.26785714285714285,0.5609756097560976,0.29311846689895477,rest,True,turn_right
light_source,64,29.939022474829144,11.000711630470388,0.35,0.4183205126863996,0.0,0.0,0.4107142857142857,0.12195121951219512,-0.2887630662020906,rest,True,turn_left
light_source,65,29.939022474829144,11.000711630470388,0.35,0.4183205126863996,0.0,0.0,0.32142857142857145,0.3170731707317073,-0.004355400696864131,rest,True,walk_forward
light_source,66,29.939022474829144,11.000711630470388,0.35,0.4183205126863996,0.0,0.0,0.26785714285714285,0.5609756097560976,0.29311846689895477,rest,True,turn_right
light_source,67,29.939022474829144,11.000711630470388,0.35,0.4183205126863996,0.0,0.0,0.4107142857142857,0.12195121951219512,-0.2887630662020906,rest,True,turn_left
light_source,68,29.939022474829144,11.000711630470388,0.35,0.4183205126863996,0.0,0.0,0.32142857142857145,0.3170731707317073,-0.004355400696864131,rest,True,walk_forward
light_source,69,29.939022474829144,11.000711630470388,0.35,0.4183205126863996,0.0,0.0,0.26785714285714285,0.5609756097560976,0.29311846689895477,rest,True,turn_right
light_source,70,29.939022474829144,11.000711630470388,0.35,0.4183205126863996,0.0,0.0,0.4107142857142857,0.12195121951219512,-0.2887630662020906,rest,True,turn_left
light_source,71,29.939022474829144,11.000711630470388,0.35,0.4183205126863996,0.0,0.0,0.32142857142857145,0.3170731707317073,-0.004355400696864131,rest,True,walk_forward
light_source,72,29.939022474829144,11.000711630470388,0.35,0.4183205126863996,0.0,0.0,0.26785714285714285,0.5609756097560976,0.29311846689895477,rest,True,turn_right
light_source,73,29.939022474829144,11.000711630470388,0.35,0.4183205126863996,0.0,0.0,0.4107142857142857,0.12195121951219512,-0.2887630662020906,rest,True,turn_left
light_source,74,29.939022474829144,11.000711630470388,0.35,0.4183205126863996,0.0,0.0,0.32142857142857145,0.3170731707317073,-0.004355400696864131,rest,True,walk_forward
light_source,75,29.939022474829144,11.000711630470388,0.35,0.4183205126863996,0.0,0.0,0.26785714285714285,0.5609756097560976,0.29311846689895477,rest,True,turn_right
light_source,76,29.939022474829144,11.000711630470388,0.35,0.4183205126863996,0.0,0.0,0.4107142857142857,0.12195121951219512,-0.2887630662020906,rest,True,turn_left
light_source,77,29.939022474829144,11.000711630470388,0.35,0.4183205126863996,0.0,0.0,0.32142857142857145,0.3170731707317073,-0.004355400696864131,rest,True,walk_forward
light_source,78,29.939022474829144,11.000711630470388,0.35,0.4183205126863996,0.0,0.0,0.26785714285714285,0.5609756097560976,0.29311846689895477,rest,True,turn_right
light_source,79,29.939022474829144,11.000711630470388,0.35,0.4183205126863996,0.0,0.0,0.4107142857142857,0.12195121951219512,-0.2887630662020906,rest,True,turn_left
light_source,80,29.939022474829144,11.000711630470388,0.35,0.4183205126863996,0.0,0.0,0.32142857142857145,0.3170731707317073,-0.004355400696864131,rest,True,walk_forward
light_source,81,29.939022474829144,11.000711630470388,0.35,0.4183205126863996,0.0,0.0,0.26785714285714285,0.5609756097560976,0.29311846689895477,rest,True,turn_right
light_source,82,29.939022474829144,11.000711630470388,0.35,0.4183205126863996,0.0,0.0,0.4107142857142857,0.12195121951219512,-0.2887630662020906,rest,True,turn_left
light_source,83,29.939022474829144,11.000711630470388,0.35,0.4183205126863996,0.0,0.0,0.32142857142857145,0.3170731707317073,-0.004355400696864131,rest,True,walk_forward
light_source,84,29.939022474829144,11.000711630470388,0.35,0.4183205126863996,0.0,0.0,0.26785714285714285,0.5609756097560976,0.29311846689895477,rest,True,turn_right
light_source,85,29.939022474829144,11.000711630470388,0.35,0.4183205126863996,0.0,0.0,0.4107142857142857,0.12195121951219512,-0.2887630662020906,rest,True,turn_left
light_source,86,29.939022474829144,11.000711630470388,0.35,0.4183205126863996,0.0,0.0,0.32142857142857145,0.3170731707317073,-0.004355400696864131,rest,True,walk_forward
light_source,87,29.939022474829144,11.000711630470388,0.35,0.4183205126863996,0.0,0.0,0.26785714285714285,0.5609756097560976,0.29311846689895477,rest,True,turn_right
light_source,88,29.939022474829144,11.000711630470388,0.35,0.4183205126863996,0.0,0.0,0.4107142857142857,0.12195121951219512,-0.2887630662020906,rest,True,turn_left
light_source,89,29.939022474829144,11.000711630470388,0.35,0.4183205126863996,0.0,0.0,0.32142857142857145,0.3170731707317073,-0.004355400696864131,rest,True,walk_forward
light_source,90,29.939022474829144,11.000711630470388,0.35,0.4183205126863996,0.0,0.0,0.26785714285714285,0.5609756097560976,0.29311846689895477,rest,True,turn_right
light_source,91,29.939022474829144,11.000711630470388,0.35,0.4183205126863996,0.0,0.0,0.4107142857142857,0.12195121951219512,-0.2887630662020906,rest,True,turn_left
light_source,92,29.939022474829144,11.000711630470388,0.35,0.4183205126863996,0.0,0.0,0.32142857142857145,0.3170731707317073,-0.004355400696864131,rest,True,walk_forward
light_source,93,29.939022474829144,11.000711630470388,0.35,0.4183205126863996,0.0,0.0,0.26785714285714285,0.5609756097560976,0.29311846689895477,rest,True,turn_right
light_source,94,29.939022474829144,11.000711630470388,0.35,0.4183205126863996,0.0,0.0,0.4107142857142857,0.12195121951219512,-0.2887630662020906,rest,True,turn_left
light_source,95,29.939022474829144,11.000711630470388,0.35,0.4183205126863996,0.0,0.0,0.32142857142857145,0.3170731707317073,-0.004355400696864131,rest,True,walk_forward
light_source,96,29.939022474829144,11.000711630470388,0.35,0.4183205126863996,0.0,0.0,0.26785714285714285,0.5609756097560976,0.29311846689895477,rest,True,turn_right
light_source,97,29.939022474829144,11.000711630470388,0.35,0.4183205126863996,0.0,0.0,0.4107142857142857,0.12195121951219512,-0.2887630662020906,rest,True,turn_left
light_source,98,29.939022474829144,11.000711630470388,0.35,0.4183205126863996,0.0,0.0,0.32142857142857145,0.3170731707317073,-0.004355400696864131,rest,True,walk_forward
light_source,99,29.939022474829144,11.000711630470388,0.35,0.4183205126863996,0.0,0.0,0.26785714285714285,0.5609756097560976,0.29311846689895477,rest,True,turn_right
obstacle,0,5.5,5.0,0.0,0.30304576336566325,0.30304576336566325,0.0761904761904762,0.03571428571428571,0.12195121951219512,0.08623693379790941,walk_forward,False,walk_forward
obstacle,1,6.0,5.0,0.0,0.31314728881118536,0.31314728881118536,0.4380952380952381,0.48214285714285715,0.43902439024390244,-0.04311846689895471,walk_forward,False,walk_forward
obstacle,2,6.5,5.0,0.0,0.3232488142567075,0.3232488142567075,0.4,0.35714285714285715,0.3902439024390244,0.03310104529616725,walk_forward,False,walk_forward
obstacle,3,7.0,5.0,0.0,0.33335033970222955,0.33335033970222955,0.1619047619047619,0.16071428571428573,0.17073170731707318,0.010017421602787457,walk_forward,False,walk_forward
obstacle,4,7.5,5.0,0.0,0.3434518651477517,0.3434518651477517,0.4380952380952381,0.48214285714285715,0.43902439024390244,-0.04311846689895471,walk_forward,False,walk_forward
obstacle,5,8.0,5.0,0.0,0.3535533905932738,0.3535533905932738,0.4,0.35714285714285715,0.3902439024390244,0.03310104529616725,walk_forward,False,walk_forward
obstacle,6,8.5,5.0,0.0,0.36365491603879585,0.36365491603879585,0.1619047619047619,0.16071428571428573,0.17073170731707318,0.010017421602787457,walk_forward,False,walk_forward
obstacle,7,9.0,5.0,0.0,0.373756441484318,0.373756441484318,0.4380952380952381,0.48214285714285715,0.43902439024390244,-0.04311846689895471,walk_forward,False,walk_forward
obstacle,8,9.5,5.0,0.0,0.38385796692984014,0.38385796692984014,0.4,0.35714285714285715,0.3902439024390244,0.03310104529616725,walk_forward,False,walk_forward
obstacle,9,9.5,5.0,0.0,0.3939594923753622,0.3939594923753622,0.0,0.16071428571428573,0.17073170731707318,0.010017421602787457,rest,True,walk_forward
obstacle,10,9.5,5.0,0.0,0.3939594923753622,0.3939594923753622,0.0,0.48214285714285715,0.43902439024390244,-0.04311846689895471,rest,True,walk_forward
obstacle,11,9.5,5.0,0.0,0.3939594923753622,0.3939594923753622,0.0,0.35714285714285715,0.3902439024390244,0.03310104529616725,rest,True,walk_forward
obstacle,12,9.5,5.0,0.0,0.3939594923753622,0.3939594923753622,0.0,0.16071428571428573,0.17073170731707318,0.010017421602787457,rest,True,walk_forward
obstacle,13,9.5,5.0,0.0,0.3939594923753622,0.3939594923753622,0.0,0.48214285714285715,0.43902439024390244,-0.04311846689895471,rest,True,walk_forward
obstacle,14,9.5,5.0,0.0,0.3939594923753622,0.3939594923753622,0.0,0.35714285714285715,0.3902439024390244,0.03310104529616725,rest,True,walk_forward
obstacle,15,9.5,5.0,0.0,0.3939594923753622,0.3939594923753622,0.0,0.16071428571428573,0.17073170731707318,0.010017421602787457,rest,True,walk_forward
obstacle,16,9.5,5.0,0.0,0.3939594923753622,0.3939594923753622,0.0,0.48214285714285715,0.43902439024390244,-0.04311846689895471,rest,True,walk_forward
obstacle,17,9.5,5.0,0.0,0.3939594923753622,0.3939594923753622,0.0,0.35714285714285715,0.3902439024390244,0.03310104529616725,rest,True,walk_forward
obstacle,18,9.5,5.0,0.0,0.3939594923753622,0.3939594923753622,0.0,0.16071428571428573,0.17073170731707318,0.010017421602787457,rest,True,walk_forward
obstacle,19,9.5,5.0,0.0,0.3939594923753622,0.3939594923753622,0.0,0.48214285714285715,0.43902439024390244,-0.04311846689895471,rest,True,walk_forward
obstacle,20,9.5,5.0,0.0,0.3939594923753622,0.3939594923753622,0.0,0.35714285714285715,0.3902439024390244,0.03310104529616725,rest,True,walk_forward
obstacle,21,9.5,5.0,0.0,0.3939594923753622,0.3939594923753622,0.0,0.16071428571428573,0.17073170731707318,0.010017421602787457,rest,True,walk_forward
obstacle,22,9.5,5.0,0.0,0.3939594923753622,0.3939594923753622,0.0,0.48214285714285715,0.43902439024390244,-0.04311846689895471,rest,True,walk_forward
obstacle,23,9.5,5.0,0.0,0.3939594923753622,0.3939594923753622,0.0,0.35714285714285715,0.3902439024390244,0.03310104529616725,rest,True,walk_forward
obstacle,24,9.5,5.0,0.0,0.3939594923753622,0.3939594923753622,0.0,0.16071428571428573,0.17073170731707318,0.010017421602787457,rest,True,walk_forward
obstacle,25,9.5,5.0,0.0,0.3939594923753622,0.3939594923753622,0.0,0.48214285714285715,0.43902439024390244,-0.04311846689895471,rest,True,walk_forward
obstacle,26,9.5,5.0,0.0,0.3939594923753622,0.3939594923753622,0.0,0.35714285714285715,0.3902439024390244,0.03310104529616725,rest,True,walk_forward
obstacle,27,9.5,5.0,0.0,0.3939594923753622,0.3939594923753622,0.0,0.16071428571428573,0.17073170731707318,0.010017421602787457,rest,True,walk_forward
obstacle,28,9.5,5.0,0.0,0.3939594923753622,0.3939594923753622,0.0,0.48214285714285715,0.43902439024390244,-0.04311846689895471,rest,True,walk_forward
obstacle,29,9.5,5.0,0.0,0.3939594923753622,0.3939594923753622,0.0,0.35714285714285715,0.3902439024390244,0.03310104529616725,rest,True,walk_forward
obstacle,30,9.5,5.0,0.0,0.3939594923753622,0.3939594923753622,0.0,0.16071428571428573,0.17073170731707318,0.010017421602787457,rest,True,walk_forward
obstacle,31,9.5,5.0,0.0,0.3939594923753622,0.3939594923753622,0.0,0.48214285714285715,0.43902439024390244,-0.04311846689895471,rest,True,walk_forward
obstacle,32,9.5,5.0,0.0,0.3939594923753622,0.3939594923753622,0.0,0.35714285714285715,0.3902439024390244,0.03310104529616725,rest,True,walk_forward
obstacle,33,9.5,5.0,0.0,0.3939594923753622,0.3939594923753622,0.0,0.16071428571428573,0.17073170731707318,0.010017421602787457,rest,True,walk_forward
obstacle,34,9.5,5.0,0.0,0.3939594923753622,0.3939594923753622,0.0,0.48214285714285715,0.43902439024390244,-0.04311846689895471,rest,True,walk_forward
obstacle,35,9.5,5.0,0.0,0.3939594923753622,0.3939594923753622,0.0,0.35714285714285715,0.3902439024390244,0.03310104529616725,rest,True,walk_forward
obstacle,36,9.5,5.0,0.0,0.3939594923753622,0.3939594923753622,0.0,0.16071428571428573,0.17073170731707318,0.010017421602787457,rest,True,walk_forward
obstacle,37,9.5,5.0,0.0,0.3939594923753622,0.3939594923753622,0.0,0.48214285714285715,0.43902439024390244,-0.04311846689895471,rest,True,walk_forward
obstacle,38,9.5,5.0,0.0,0.3939594923753622,0.3939594923753622,0.0,0.35714285714285715,0.3902439024390244,0.03310104529616725,rest,True,walk_forward
obstacle,39,9.5,5.0,0.0,0.3939594923753622,0.3939594923753622,0.0,0.16071428571428573,0.17073170731707318,0.010017421602787457,rest,True,walk_forward
obstacle,40,9.5,5.0,0.0,0.3939594923753622,0.3939594923753622,0.0,0.48214285714285715,0.43902439024390244,-0.04311846689895471,rest,True,walk_forward
obstacle,41,9.5,5.0,0.0,0.3939594923753622,0.3939594923753622,0.0,0.35714285714285715,0.3902439024390244,0.03310104529616725,rest,True,walk_forward
obstacle,42,9.5,5.0,0.0,0.3939594923753622,0.3939594923753622,0.0,0.16071428571428573,0.17073170731707318,0.010017421602787457,rest,True,walk_forward
obstacle,43,9.5,5.0,0.0,0.3939594923753622,0.3939594923753622,0.0,0.48214285714285715,0.43902439024390244,-0.04311846689895471,rest,True,walk_forward
obstacle,44,9.5,5.0,0.0,0.3939594923753622,0.3939594923753622,0.0,0.35714285714285715,0.3902439024390244,0.03310104529616725,rest,True,walk_forward
obstacle,45,9.5,5.0,0.0,0.3939594923753622,0.3939594923753622,0.0,0.16071428571428573,0.17073170731707318,0.010017421602787457,rest,True,walk_forward
obstacle,46,9.5,5.0,0.0,0.3939594923753622,0.3939594923753622,0.0,0.48214285714285715,0.43902439024390244,-0.04311846689895471,rest,True,walk_forward
obstacle,47,9.5,5.0,0.0,0.3939594923753622,0.3939594923753622,0.0,0.35714285714285715,0.3902439024390244,0.03310104529616725,rest,True,walk_forward
obstacle,48,9.5,5.0,0.0,0.3939594923753622,0.3939594923753622,0.0,0.16071428571428573,0.17073170731707318,0.010017421602787457,rest,True,walk_forward
obstacle,49,9.5,5.0,0.0,0.3939594923753622,0.3939594923753622,0.0,0.48214285714285715,0.43902439024390244,-0.04311846689895471,rest,True,walk_forward
obstacle,50,9.5,5.0,0.0,0.3939594923753622,0.3939594923753622,0.0,0.35714285714285715,0.3902439024390244,0.03310104529616725,rest,True,walk_forward
obstacle,51,9.5,5.0,0.0,0.3939594923753622,0.3939594923753622,0.0,0.16071428571428573,0.17073170731707318,0.010017421602787457,rest,True,walk_forward
obstacle,52,9.5,5.0,0.0,0.3939594923753622,0.3939594923753622,0.0,0.48214285714285715,0.43902439024390244,-0.04311846689895471,rest,True,walk_forward
obstacle,53,9.5,5.0,0.0,0.3939594923753622,0.3939594923753622,0.0,0.35714285714285715,0.3902439024390244,0.03310104529616725,rest,True,walk_forward
obstacle,54,9.5,5.0,0.0,0.3939594923753622,0.3939594923753622,0.0,0.16071428571428573,0.17073170731707318,0.010017421602787457,rest,True,walk_forward
obstacle,55,9.5,5.0,0.0,0.3939594923753622,0.3939594923753622,0.0,0.48214285714285715,0.43902439024390244,-0.04311846689895471,rest,True,walk_forward
obstacle,56,9.5,5.0,0.0,0.3939594923753622,0.3939594923753622,0.0,0.35714285714285715,0.3902439024390244,0.03310104529616725,rest,True,walk_forward
obstacle,57,9.5,5.0,0.0,0.3939594923753622,0.3939594923753622,0.0,0.16071428571428573,0.17073170731707318,0.010017421602787457,rest,True,walk_forward
obstacle,58,9.5,5.0,0.0,0.3939594923753622,0.3939594923753622,0.0,0.48214285714285715,0.43902439024390244,-0.04311846689895471,rest,True,walk_forward
obstacle,59,9.5,5.0,0.0,0.3939594923753622,0.3939594923753622,0.0,0.35714285714285715,0.3902439024390244,0.03310104529616725,rest,True,walk_forward
obstacle,60,9.5,5.0,0.0,0.3939594923753622,0.3939594923753622,0.0,0.16071428571428573,0.17073170731707318,0.010017421602787457,rest,True,walk_forward
obstacle,61,9.5,5.0,0.0,0.3939594923753622,0.3939594923753622,0.0,0.48214285714285715,0.43902439024390244,-0.04311846689895471,rest,True,walk_forward
obstacle,62,9.5,5.0,0.0,0.3939594923753622,0.3939594923753622,0.0,0.35714285714285715,0.3902439024390244,0.03310104529616725,rest,True,walk_forward
obstacle,63,9.5,5.0,0.0,0.3939594923753622,0.3939594923753622,0.0,0.16071428571428573,0.17073170731707318,0.010017421602787457,rest,True,walk_forward
obstacle,64,9.5,5.0,0.0,0.3939594923753622,0.3939594923753622,0.0,0.48214285714285715,0.43902439024390244,-0.04311846689895471,rest,True,walk_forward
obstacle,65,9.5,5.0,0.0,0.3939594923753622,0.3939594923753622,0.0,0.35714285714285715,0.3902439024390244,0.03310104529616725,rest,True,walk_forward
obstacle,66,9.5,5.0,0.0,0.3939594923753622,0.3939594923753622,0.0,0.16071428571428573,0.17073170731707318,0.010017421602787457,rest,True,walk_forward
obstacle,67,9.5,5.0,0.0,0.3939594923753622,0.3939594923753622,0.0,0.48214285714285715,0.43902439024390244,-0.04311846689895471,rest,True,walk_forward
obstacle,68,9.5,5.0,0.0,0.3939594923753622,0.3939594923753622,0.0,0.35714285714285715,0.3902439024390244,0.03310104529616725,rest,True,walk_forward
obstacle,69,9.5,5.0,0.0,0.3939594923753622,0.3939594923753622,0.0,0.16071428571428573,0.17073170731707318,0.010017421602787457,rest,True,walk_forward
obstacle,70,9.5,5.0,0.0,0.3939594923753622,0.3939594923753622,0.0,0.48214285714285715,0.43902439024390244,-0.04311846689895471,rest,True,walk_forward
obstacle,71,9.5,5.0,0.0,0.3939594923753622,0.3939594923753622,0.0,0.35714285714285715,0.3902439024390244,0.03310104529616725,rest,True,walk_forward
obstacle,72,9.5,5.0,0.0,0.3939594923753622,0.3939594923753622,0.0,0.16071428571428573,0.17073170731707318,0.010017421602787457,rest,True,walk_forward
obstacle,73,9.5,5.0,0.0,0.3939594923753622,0.3939594923753622,0.0,0.48214285714285715,0.43902439024390244,-0.04311846689895471,rest,True,walk_forward
obstacle,74,9.5,5.0,0.0,0.3939594923753622,0.3939594923753622,0.0,0.35714285714285715,0.3902439024390244,0.03310104529616725,rest,True,walk_forward
obstacle,75,9.5,5.0,0.0,0.3939594923753622,0.3939594923753622,0.0,0.16071428571428573,0.17073170731707318,0.010017421602787457,rest,True,walk_forward
obstacle,76,9.5,5.0,0.0,0.3939594923753622,0.3939594923753622,0.0,0.48214285714285715,0.43902439024390244,-0.04311846689895471,rest,True,walk_forward
obstacle,77,9.5,5.0,0.0,0.3939594923753622,0.3939594923753622,0.0,0.35714285714285715,0.3902439024390244,0.03310104529616725,rest,True,walk_forward
obstacle,78,9.5,5.0,0.0,0.3939594923753622,0.3939594923753622,0.0,0.16071428571428573,0.17073170731707318,0.010017421602787457,rest,True,walk_forward
obstacle,79,9.5,5.0,0.0,0.3939594923753622,0.3939594923753622,0.0,0.48214285714285715,0.43902439024390244,-0.04311846689895471,rest,True,walk_forward
obstacle,80,9.5,5.0,0.0,0.3939594923753622,0.3939594923753622,0.0,0.35714285714285715,0.3902439024390244,0.03310104529616725,rest,True,walk_forward
obstacle,81,9.5,5.0,0.0,0.3939594923753622,0.3939594923753622,0.0,0.16071428571428573,0.17073170731707318,0.010017421602787457,rest,True,walk_forward
obstacle,82,9.5,5.0,0.0,0.3939594923753622,0.3939594923753622,0.0,0.48214285714285715,0.43902439024390244,-0.04311846689895471,rest,True,walk_forward
obstacle,83,9.5,5.0,0.0,0.3939594923753622,0.3939594923753622,0.0,0.35714285714285715,0.3902439024390244,0.03310104529616725,rest,True,walk_forward
obstacle,84,9.5,5.0,0.0,0.3939594923753622,0.3939594923753622,0.0,0.16071428571428573,0.17073170731707318,0.010017421602787457,rest,True,walk_forward
obstacle,85,9.5,5.0,0.0,0.3939594923753622,0.3939594923753622,0.0,0.48214285714285715,0.43902439024390244,-0.04311846689895471,rest,True,walk_forward
obstacle,86,9.5,5.0,0.0,0.3939594923753622,0.3939594923753622,0.0,0.35714285714285715,0.3902439024390244,0.03310104529616725,rest,True,walk_forward
obstacle,87,9.5,5.0,0.0,0.3939594923753622,0.3939594923753622,0.0,0.16071428571428573,0.17073170731707318,0.010017421602787457,rest,True,walk_forward
obstacle,88,9.5,5.0,0.0,0.3939594923753622,0.3939594923753622,0.0,0.48214285714285715,0.43902439024390244,-0.04311846689895471,rest,True,walk_forward
obstacle,89,9.5,5.0,0.0,0.3939594923753622,0.3939594923753622,0.0,0.35714285714285715,0.3902439024390244,0.03310104529616725,rest,True,walk_forward
obstacle,90,9.5,5.0,0.0,0.3939594923753622,0.3939594923753622,0.0,0.16071428571428573,0.17073170731707318,0.010017421602787457,rest,True,walk_forward
obstacle,91,9.5,5.0,0.0,0.3939594923753622,0.3939594923753622,0.0,0.48214285714285715,0.43902439024390244,-0.04311846689895471,rest,True,walk_forward
obstacle,92,9.5,5.0,0.0,0.3939594923753622,0.3939594923753622,0.0,0.35714285714285715,0.3902439024390244,0.03310104529616725,rest,True,walk_forward
obstacle,93,9.5,5.0,0.0,0.3939594923753622,0.3939594923753622,0.0,0.16071428571428573,0.17073170731707318,0.010017421602787457,rest,True,walk_forward
obstacle,94,9.5,5.0,0.0,0.3939594923753622,0.3939594923753622,0.0,0.48214285714285715,0.43902439024390244,-0.04311846689895471,rest,True,walk_forward
obstacle,95,9.5,5.0,0.0,0.3939594923753622,0.3939594923753622,0.0,0.35714285714285715,0.3902439024390244,0.03310104529616725,rest,True,walk_forward
obstacle,96,9.5,5.0,0.0,0.3939594923753622,0.3939594923753622,0.0,0.16071428571428573,0.17073170731707318,0.010017421602787457,rest,True,walk_forward
obstacle,97,9.5,5.0,0.0,0.3939594923753622,0.3939594923753622,0.0,0.48214285714285715,0.43902439024390244,-0.04311846689895471,rest,True,walk_forward
obstacle,98,9.5,5.0,0.0,0.3939594923753622,0.3939594923753622,0.0,0.35714285714285715,0.3902439024390244,0.03310104529616725,rest,True,walk_forward
obstacle,99,9.5,5.0,0.0,0.3939594923753622,0.3939594923753622,0.0,0.16071428571428573,0.17073170731707318,0.010017421602787457,rest,True,walk_forward
left_stimulus,0,15.0,10.0,0.0,0.3535533905932738,0.0,0.01904761904761905,0.017857142857142856,0.0,-0.017857142857142856,idle,False,idle
left_stimulus,1,15.46968635642369,10.171448903727725,0.35,0.3535533905932738,0.0,0.21904761904761905,0.3392857142857143,0.07317073170731707,-0.2661149825783972,turn_left,False,turn_left
left_stimulus,2,15.93937271284738,10.34289780745545,0.35,0.4513290242274476,0.0,0.2571428571428571,0.19642857142857142,0.2682926829268293,0.07186411149825786,walk_forward,False,walk_forward
left_stimulus,3,16.43937271284738,10.34289780745545,0.0,0.44808892561036184,0.0,0.45714285714285713,0.39285714285714285,0.5853658536585366,0.1925087108013937,turn_right,False,turn_right
left_stimulus,4,16.90905906927107,10.514346711183176,0.35,0.3230691216602568,0.0,0.2857142857142857,0.4107142857142857,0.14634146341463414,-0.26437282229965153,turn_left,False,turn_left
left_stimulus,5,17.37874542569476,10.685795614910901,0.35,0.43285443643184635,0.0,0.2571428571428571,0.19642857142857142,0.2682926829268293,0.07186411149825786,walk_forward,False,walk_forward
left_stimulus,6,17.87874542569476,10.685795614910901,0.0,0.42611269618125597,0.0,0.45714285714285713,0.39285714285714285,0.5853658536585366,0.1925087108013937,turn_right,False,turn_right
left_stimulus,7,18.34843178211845,10.857244518638627,0.35,0.2842747819050126,0.0,0.2857142857142857,0.4107142857142857,0.14634146341463414,-0.26437282229965153,turn_left,False,turn_left
left_stimulus,8,18.81811813854214,11.028693422366352,0.35,0.4047718429309167,0.0,0.2571428571428571,0.19642857142857142,0.2682926829268293,0.07186411149825786,walk_forward,False,walk_forward
left_stimulus,9,19.31811813854214,11.028693422366352,0.0,0.39486285994326187,0.0,0.45714285714285713,0.39285714285714285,0.5853658536585366,0.1925087108013937,turn_right,False,turn_right
left_stimulus,10,19.78780449496583,11.200142326094078,0.35,0.23924729452493432,0.0,0.2857142857142857,0.4107142857142857,0.14634146341463414,-0.26437282229965153,turn_left,False,turn_left
left_stimulus,11,20.25749085138952,11.371591229821803,0.35,0.36859654116029106,0.0,0.2571428571428571,0.19642857142857142,0.2682926829268293,0.07186411149825786,walk_forward,False,walk_forward
left_stimulus,12,20.75749085138952,11.371591229821803,0.0,0.3561516098072537,0.0,0.45714285714285713,0.39285714285714285,0.5853658536585366,0.1925087108013937,turn_right,False,turn_right
left_stimulus,13,21.22717720781321,11.543040133549528,0.35,0.19066885770883008,0.0,0.2857142857142857,0.4107142857142857,0.14634146341463414,-0.26437282229965153,turn_left,False,turn_left
left_stimulus,14,21.6968635642369,11.714489037277254,0.35,0.3265744966540994,0.0,0.2571428571428571,0.19642857142857142,0.2682926829268293,0.07186411149825786,walk_forward,False,walk_forward
left_stimulus,15,22.1968635642369,11.714489037277254,0.0,0.31242588358368767,0.0,0.45714285714285713,0.39285714285714285,0.5853658536585366,0.1925087108013937,turn_right,False,turn_right
left_stimulus,16,22.66654992066059,11.885937941004979,0.35,0.1414290646087719,0.0,0.2857142857142857,0.4107142857142857,0.14634146341463414,-0.26437282229965153,turn_left,False,turn_left
left_stimulus,17,23.13623627708428,12.057386844732704,0.35,0.2813254360148972,0.0,0.2571428571428571,0.19642857142857142,0.2682926829268293,0.07186411149825786,walk_forward,False,walk_forward
left_stimulus,18,23.63623627708428,12.057386844732704,0.0,0.26636943472626096,0.0,0.45714285714285713,0.39285714285714285,0.5853658536585366,0.1925087108013937,turn_right,False,turn_right
left_stimulus,19,24.10592263350797,12.22883574846043,0.35,0.0942033891930027,0.0,0.2857142857142857,0.4107142857142857,0.14634146341463414,-0.26437282229965153,turn_left,False,turn_left
left_stimulus,20,24.57560898993166,12.400284652188155,0.35,0.23543416888714905,0.0,0.2571428571428571,0.19642857142857142,0.2682926829268293,0.07186411149825786,walk_forward,False,walk_forward
left_stimulus,21,25.07560898993166,12.400284652188155,0.0,0.2205005591267551,0.0,0.45714285714285713,0.39285714285714285,0.5853658536585366,0.1925087108013937,turn_right,False,turn_right
left_stimulus,22,25.54529534635535,12.57173355591588,0.35,0.051138046385686566,0.0,0.2857142857142857,0.4107142857142857,0.14634146341463414,-0.26437282229965153,turn_left,False,turn_left
left_stimulus,23,26.01498170277904,12.743182459643606,0.35,0.19112012237302595,0.0,0.2571428571428571,0.19642857142857142,0.2682926829268293,0.07186411149825786,walk_forward,False,walk_forward
left_stimulus,24,26.51498170277904,12.743182459643606,0.0,0.17688386425597763,0.0,0.45714285714285713,0.39285714285714285,0.5853658536585366,0.1925087108013937,turn_right,False,turn_right
left_stimulus,25,26.98466805920273,12.914631363371331,0.35,0.013706127311449356,0.0,0.2857142857142857,0.4107142857142857,0.14634146341463414,-0.26437282229965153,turn_left,False,turn_left
left_stimulus,26,27.45435441562642,13.086080267099057,0.35,0.15005680227654744,0.0,0.2571428571428571,0.19642857142857142,0.2682926829268293,0.07186411149825786,walk_forward,False,walk_forward
left_stimulus,27,27.95435441562642,13.086080267099057,0.0,0.1370025507099108,0.0,0.45714285714285713,0.39285714285714285,0.5853658536585366,0.1925087108013937,turn_right,False,turn_right
left_stimulus,28,28.42404077205011,13.257529170826782,0.35,0.0,0.0,0.2857142857142857,0.4107142857142857,0.14634146341463414,-0.26437282229965153,turn_left,False,turn_left
left_stimulus,29,28.8937271284738,13.428978074554507,0.35,0.11333954923953928,0.0,0.2571428571428571,0.19642857142857142,0.2682926829268293,0.07186411149825786,walk_forward,False,walk_forward
left_stimulus,30,29.3937271284738,13.428978074554507,0.0,0.10176874566658176,0.0,0.45714285714285713,0.39285714285714285,0.5853658536585366,0.1925087108013937,turn_right,False,turn_right
left_stimulus,31,29.86341348489749,13.600426978282233,0.35,0.0,0.0,0.2857142857142857,0.4107142857142857,0.14634146341463414,-0.26437282229965153,turn_left,False,turn_left
left_stimulus,32,29.86341348489749,13.600426978282233,0.35,0.08155462279772774,0.0,0.0,0.19642857142857142,0.2682926829268293,0.07186411149825786,rest,True,walk_forward
left_stimulus,33,29.86341348489749,13.600426978282233,0.35,0.08155462279772774,0.0,0.0,0.39285714285714285,0.5853658536585366,0.1925087108013937,rest,True,turn_right
left_stimulus,34,29.86341348489749,13.600426978282233,0.35,0.08155462279772774,0.0,0.0,0.4107142857142857,0.14634146341463414,-0.26437282229965153,rest,True,turn_left
left_stimulus,35,29.86341348489749,13.600426978282233,0.35,0.08155462279772774,0.0,0.0,0.19642857142857142,0.2682926829268293,0.07186411149825786,rest,True,walk_forward
left_stimulus,36,29.86341348489749,13.600426978282233,0.35,0.08155462279772774,0.0,0.0,0.39285714285714285,0.5853658536585366,0.1925087108013937,rest,True,turn_right
left_stimulus,37,29.86341348489749,13.600426978282233,0.35,0.08155462279772774,0.0,0.0,0.4107142857142857,0.14634146341463414,-0.26437282229965153,rest,True,turn_left
left_stimulus,38,29.86341348489749,13.600426978282233,0.35,0.08155462279772774,0.0,0.0,0.19642857142857142,0.2682926829268293,0.07186411149825786,rest,True,walk_forward
left_stimulus,39,29.86341348489749,13.600426978282233,0.35,0.08155462279772774,0.0,0.0,0.39285714285714285,0.5853658536585366,0.1925087108013937,rest,True,turn_right
left_stimulus,40,29.86341348489749,13.600426978282233,0.35,0.08155462279772774,0.0,0.0,0.4107142857142857,0.14634146341463414,-0.26437282229965153,rest,True,turn_left
left_stimulus,41,29.86341348489749,13.600426978282233,0.35,0.08155462279772774,0.0,0.0,0.19642857142857142,0.2682926829268293,0.07186411149825786,rest,True,walk_forward
left_stimulus,42,29.86341348489749,13.600426978282233,0.35,0.08155462279772774,0.0,0.0,0.39285714285714285,0.5853658536585366,0.1925087108013937,rest,True,turn_right
left_stimulus,43,29.86341348489749,13.600426978282233,0.35,0.08155462279772774,0.0,0.0,0.4107142857142857,0.14634146341463414,-0.26437282229965153,rest,True,turn_left
left_stimulus,44,29.86341348489749,13.600426978282233,0.35,0.08155462279772774,0.0,0.0,0.19642857142857142,0.2682926829268293,0.07186411149825786,rest,True,walk_forward
left_stimulus,45,29.86341348489749,13.600426978282233,0.35,0.08155462279772774,0.0,0.0,0.39285714285714285,0.5853658536585366,0.1925087108013937,rest,True,turn_right
left_stimulus,46,29.86341348489749,13.600426978282233,0.35,0.08155462279772774,0.0,0.0,0.4107142857142857,0.14634146341463414,-0.26437282229965153,rest,True,turn_left
left_stimulus,47,29.86341348489749,13.600426978282233,0.35,0.08155462279772774,0.0,0.0,0.19642857142857142,0.2682926829268293,0.07186411149825786,rest,True,walk_forward
left_stimulus,48,29.86341348489749,13.600426978282233,0.35,0.08155462279772774,0.0,0.0,0.39285714285714285,0.5853658536585366,0.1925087108013937,rest,True,turn_right
left_stimulus,49,29.86341348489749,13.600426978282233,0.35,0.08155462279772774,0.0,0.0,0.4107142857142857,0.14634146341463414,-0.26437282229965153,rest,True,turn_left
left_stimulus,50,29.86341348489749,13.600426978282233,0.35,0.08155462279772774,0.0,0.0,0.19642857142857142,0.2682926829268293,0.07186411149825786,rest,True,walk_forward
left_stimulus,51,29.86341348489749,13.600426978282233,0.35,0.08155462279772774,0.0,0.0,0.39285714285714285,0.5853658536585366,0.1925087108013937,rest,True,turn_right
left_stimulus,52,29.86341348489749,13.600426978282233,0.35,0.08155462279772774,0.0,0.0,0.4107142857142857,0.14634146341463414,-0.26437282229965153,rest,True,turn_left
left_stimulus,53,29.86341348489749,13.600426978282233,0.35,0.08155462279772774,0.0,0.0,0.19642857142857142,0.2682926829268293,0.07186411149825786,rest,True,walk_forward
left_stimulus,54,29.86341348489749,13.600426978282233,0.35,0.08155462279772774,0.0,0.0,0.39285714285714285,0.5853658536585366,0.1925087108013937,rest,True,turn_right
left_stimulus,55,29.86341348489749,13.600426978282233,0.35,0.08155462279772774,0.0,0.0,0.4107142857142857,0.14634146341463414,-0.26437282229965153,rest,True,turn_left
left_stimulus,56,29.86341348489749,13.600426978282233,0.35,0.08155462279772774,0.0,0.0,0.19642857142857142,0.2682926829268293,0.07186411149825786,rest,True,walk_forward
left_stimulus,57,29.86341348489749,13.600426978282233,0.35,0.08155462279772774,0.0,0.0,0.39285714285714285,0.5853658536585366,0.1925087108013937,rest,True,turn_right
left_stimulus,58,29.86341348489749,13.600426978282233,0.35,0.08155462279772774,0.0,0.0,0.4107142857142857,0.14634146341463414,-0.26437282229965153,rest,True,turn_left
left_stimulus,59,29.86341348489749,13.600426978282233,0.35,0.08155462279772774,0.0,0.0,0.19642857142857142,0.2682926829268293,0.07186411149825786,rest,True,walk_forward
left_stimulus,60,29.86341348489749,13.600426978282233,0.35,0.08155462279772774,0.0,0.0,0.39285714285714285,0.5853658536585366,0.1925087108013937,rest,True,turn_right
left_stimulus,61,29.86341348489749,13.600426978282233,0.35,0.08155462279772774,0.0,0.0,0.4107142857142857,0.14634146341463414,-0.26437282229965153,rest,True,turn_left
left_stimulus,62,29.86341348489749,13.600426978282233,0.35,0.08155462279772774,0.0,0.0,0.19642857142857142,0.2682926829268293,0.07186411149825786,rest,True,walk_forward
left_stimulus,63,29.86341348489749,13.600426978282233,0.35,0.08155462279772774,0.0,0.0,0.39285714285714285,0.5853658536585366,0.1925087108013937,rest,True,turn_right
left_stimulus,64,29.86341348489749,13.600426978282233,0.35,0.08155462279772774,0.0,0.0,0.4107142857142857,0.14634146341463414,-0.26437282229965153,rest,True,turn_left
left_stimulus,65,29.86341348489749,13.600426978282233,0.35,0.08155462279772774,0.0,0.0,0.19642857142857142,0.2682926829268293,0.07186411149825786,rest,True,walk_forward
left_stimulus,66,29.86341348489749,13.600426978282233,0.35,0.08155462279772774,0.0,0.0,0.39285714285714285,0.5853658536585366,0.1925087108013937,rest,True,turn_right
left_stimulus,67,29.86341348489749,13.600426978282233,0.35,0.08155462279772774,0.0,0.0,0.4107142857142857,0.14634146341463414,-0.26437282229965153,rest,True,turn_left
left_stimulus,68,29.86341348489749,13.600426978282233,0.35,0.08155462279772774,0.0,0.0,0.19642857142857142,0.2682926829268293,0.07186411149825786,rest,True,walk_forward
left_stimulus,69,29.86341348489749,13.600426978282233,0.35,0.08155462279772774,0.0,0.0,0.39285714285714285,0.5853658536585366,0.1925087108013937,rest,True,turn_right
left_stimulus,70,29.86341348489749,13.600426978282233,0.35,0.08155462279772774,0.0,0.0,0.4107142857142857,0.14634146341463414,-0.26437282229965153,rest,True,turn_left
left_stimulus,71,29.86341348489749,13.600426978282233,0.35,0.08155462279772774,0.0,0.0,0.19642857142857142,0.2682926829268293,0.07186411149825786,rest,True,walk_forward
left_stimulus,72,29.86341348489749,13.600426978282233,0.35,0.08155462279772774,0.0,0.0,0.39285714285714285,0.5853658536585366,0.1925087108013937,rest,True,turn_right
left_stimulus,73,29.86341348489749,13.600426978282233,0.35,0.08155462279772774,0.0,0.0,0.4107142857142857,0.14634146341463414,-0.26437282229965153,rest,True,turn_left
left_stimulus,74,29.86341348489749,13.600426978282233,0.35,0.08155462279772774,0.0,0.0,0.19642857142857142,0.2682926829268293,0.07186411149825786,rest,True,walk_forward
left_stimulus,75,29.86341348489749,13.600426978282233,0.35,0.08155462279772774,0.0,0.0,0.39285714285714285,0.5853658536585366,0.1925087108013937,rest,True,turn_right
left_stimulus,76,29.86341348489749,13.600426978282233,0.35,0.08155462279772774,0.0,0.0,0.4107142857142857,0.14634146341463414,-0.26437282229965153,rest,True,turn_left
left_stimulus,77,29.86341348489749,13.600426978282233,0.35,0.08155462279772774,0.0,0.0,0.19642857142857142,0.2682926829268293,0.07186411149825786,rest,True,walk_forward
left_stimulus,78,29.86341348489749,13.600426978282233,0.35,0.08155462279772774,0.0,0.0,0.39285714285714285,0.5853658536585366,0.1925087108013937,rest,True,turn_right
left_stimulus,79,29.86341348489749,13.600426978282233,0.35,0.08155462279772774,0.0,0.0,0.4107142857142857,0.14634146341463414,-0.26437282229965153,rest,True,turn_left
left_stimulus,80,29.86341348489749,13.600426978282233,0.35,0.08155462279772774,0.0,0.0,0.19642857142857142,0.2682926829268293,0.07186411149825786,rest,True,walk_forward
left_stimulus,81,29.86341348489749,13.600426978282233,0.35,0.08155462279772774,0.0,0.0,0.39285714285714285,0.5853658536585366,0.1925087108013937,rest,True,turn_right
left_stimulus,82,29.86341348489749,13.600426978282233,0.35,0.08155462279772774,0.0,0.0,0.4107142857142857,0.14634146341463414,-0.26437282229965153,rest,True,turn_left
left_stimulus,83,29.86341348489749,13.600426978282233,0.35,0.08155462279772774,0.0,0.0,0.19642857142857142,0.2682926829268293,0.07186411149825786,rest,True,walk_forward
left_stimulus,84,29.86341348489749,13.600426978282233,0.35,0.08155462279772774,0.0,0.0,0.39285714285714285,0.5853658536585366,0.1925087108013937,rest,True,turn_right
left_stimulus,85,29.86341348489749,13.600426978282233,0.35,0.08155462279772774,0.0,0.0,0.4107142857142857,0.14634146341463414,-0.26437282229965153,rest,True,turn_left
left_stimulus,86,29.86341348489749,13.600426978282233,0.35,0.08155462279772774,0.0,0.0,0.19642857142857142,0.2682926829268293,0.07186411149825786,rest,True,walk_forward
left_stimulus,87,29.86341348489749,13.600426978282233,0.35,0.08155462279772774,0.0,0.0,0.39285714285714285,0.5853658536585366,0.1925087108013937,rest,True,turn_right
left_stimulus,88,29.86341348489749,13.600426978282233,0.35,0.08155462279772774,0.0,0.0,0.4107142857142857,0.14634146341463414,-0.26437282229965153,rest,True,turn_left
left_stimulus,89,29.86341348489749,13.600426978282233,0.35,0.08155462279772774,0.0,0.0,0.19642857142857142,0.2682926829268293,0.07186411149825786,rest,True,walk_forward
left_stimulus,90,29.86341348489749,13.600426978282233,0.35,0.08155462279772774,0.0,0.0,0.39285714285714285,0.5853658536585366,0.1925087108013937,rest,True,turn_right
left_stimulus,91,29.86341348489749,13.600426978282233,0.35,0.08155462279772774,0.0,0.0,0.4107142857142857,0.14634146341463414,-0.26437282229965153,rest,True,turn_left
left_stimulus,92,29.86341348489749,13.600426978282233,0.35,0.08155462279772774,0.0,0.0,0.19642857142857142,0.2682926829268293,0.07186411149825786,rest,True,walk_forward
left_stimulus,93,29.86341348489749,13.600426978282233,0.35,0.08155462279772774,0.0,0.0,0.39285714285714285,0.5853658536585366,0.1925087108013937,rest,True,turn_right
left_stimulus,94,29.86341348489749,13.600426978282233,0.35,0.08155462279772774,0.0,0.0,0.4107142857142857,0.14634146341463414,-0.26437282229965153,rest,True,turn_left
left_stimulus,95,29.86341348489749,13.600426978282233,0.35,0.08155462279772774,0.0,0.0,0.19642857142857142,0.2682926829268293,0.07186411149825786,rest,True,walk_forward
left_stimulus,96,29.86341348489749,13.600426978282233,0.35,0.08155462279772774,0.0,0.0,0.39285714285714285,0.5853658536585366,0.1925087108013937,rest,True,turn_right
left_stimulus,97,29.86341348489749,13.600426978282233,0.35,0.08155462279772774,0.0,0.0,0.4107142857142857,0.14634146341463414,-0.26437282229965153,rest,True,turn_left
left_stimulus,98,29.86341348489749,13.600426978282233,0.35,0.08155462279772774,0.0,0.0,0.19642857142857142,0.2682926829268293,0.07186411149825786,rest,True,walk_forward
left_stimulus,99,29.86341348489749,13.600426978282233,0.35,0.08155462279772774,0.0,0.0,0.39285714285714285,0.5853658536585366,0.1925087108013937,rest,True,turn_right
right_stimulus,0,15.46968635642369,9.828551096272275,-0.35,0.0,0.4714045207910318,0.0761904761904762,0.017857142857142856,0.17073170731707318,0.15287456445993033,turn_right,False,turn_right
right_stimulus,1,15.852107450065935,9.506442252653429,-0.7,0.0,0.5950870704794106,0.34285714285714286,0.25,0.5121951219512195,0.2621951219512195,turn_right,False,turn_right
right_stimulus,2,16.321793806489623,9.334993348925703,-0.35,0.0,0.6714584244515118,0.29523809523809524,0.32142857142857145,0.21951219512195122,-0.10191637630662023,turn_left,False,turn_left
right_stimulus,3,16.791480162913313,9.163544445197978,-0.35,0.0,0.5750639598758701,0.2761904761904762,0.2857142857142857,0.2682926829268293,-0.017421602787456414,walk_forward,False,walk_forward
right_stimulus,4,17.173901256555556,8.841435601579132,-0.7,0.0,0.5571645578436584,0.42857142857142855,0.39285714285714285,0.5121951219512195,0.11933797909407667,turn_right,False,turn_right
right_stimulus,5,17.643587612979246,8.669986697851407,-0.35,0.0,0.6597134201215605,0.29523809523809524,0.32142857142857145,0.21951219512195122,-0.10191637630662023,turn_left,False,turn_left
right_stimulus,6,18.113273969402936,8.498537794123681,-0.35,0.0,0.5193994047008417,0.2761904761904762,0.2857142857142857,0.2682926829268293,-0.017421602787456414,walk_forward,False,walk_forward
right_stimulus,7,18.49569506304518,8.176428950504835,-0.7,0.0,0.4932091329692151,0.42857142857142855,0.39285714285714285,0.5121951219512195,0.11933797909407667,turn_right,False,turn_right
right_stimulus,8,18.96538141946887,8.00498004677711,-0.35,0.0,0.6209935522723072,0.29523809523809524,0.32142857142857145,0.21951219512195122,-0.10191637630662023,turn_left,False,turn_left
right_stimulus,9,19.43506777589256,7.833531143049385,-0.35,0.0,0.43907276861967504,0.2761904761904762,0.2857142857142857,0.2682926829268293,-0.017421602787456414,walk_forward,False,walk_forward
right_stimulus,10,19.817488869534802,7.511422299430539,-0.7,0.0,0.40681860409979015,0.42857142857142855,0.39285714285714285,0.5121951219512195,0.11933797909407667,turn_right,False,turn_right
right_stimulus,11,20.287175225958492,7.339973395702813,-0.35,0.0,0.556866864641503,0.29523809523809524,0.32142857142857145,0.21951219512195122,-0.10191637630662023,turn_left,False,turn_left
right_stimulus,12,20.756861582382182,7.168524491975088,-0.35,0.0,0.3416832238791558,0.2761904761904762,0.2857142857142857,0.2682926829268293,-0.017421602787456414,walk_forward,False,walk_forward
right_stimulus,13,21.139282676024425,6.846415648356242,-0.7,0.0,0.3071379663287224,0.42857142857142855,0.39285714285714285,0.5121951219512195,0.11933797909407667,turn_right,False,turn_right
right_stimulus,14,21.608969032448115,6.674966744628517,-0.35,0.0,0.47492501201643156,0.29523809523809524,0.32142857142857145,0.21951219512195122,-0.10191637630662023,turn_left,False,turn_left
right_stimulus,15,22.078655388871805,6.503517840900791,-0.35,0.0,0.23873612735803174,0.2761904761904762,0.2857142857142857,0.2682926829268293,-0.017421602787456414,walk_forward,False,walk_forward
right_stimulus,16,22.46107648251405,6.181408997281945,-0.7,0.0,0.2058093412711827,0.42857142857142855,0.39285714285714285,0.5121951219512195,0.11933797909407667,turn_right,False,turn_right
right_stimulus,17,22.93076283893774,6.00996009355422,-0.35,0.0,0.38589024875395767,0.29523809523809524,0.32142857142857145,0.21951219512195122,-0.10191637630662023,turn_left,False,turn_left
right_stimulus,18,23.40044919536143,5.8385111898264945,-0.35,0.0,0.14132731688087155,0.2761904761904762,0.2857142857142857,0.2682926829268293,-0.017421602787456414,walk_forward,False,walk_forward
right_stimulus,19,23.78287028900367,5.516402346207649,-0.7,0.0,0.11277627974303364,0.42857142857142855,0.39285714285714285,0.5121951219512195,0.11933797909407667,turn_right,False,turn_right
right_stimulus,20,24.25255664542736,5.344953442479923,-0.35,0.0,0.29947077175683035,0.2857142857142857,0.32142857142857145,0.1951219512195122,-0.12630662020905925,turn_left,False,turn_left
right_stimulus,21,24.72224300185105,5.173504538752198,-0.35,0.0,0.05686691756897066,0.2857142857142857,0.2857142857142857,0.2926829268292683,0.006968641114982577,walk_forward,False,walk_forward
right_stimulus,22,25.104664095493295,4.851395695133352,-0.7,0.0,0.03392129696307386,0.42857142857142855,0.39285714285714285,0.5121951219512195,0.11933797909407667,turn_right,False,turn_right
right_stimulus,23,25.574350451916985,4.6799467914056265,-0.35,0.0,0.22195141947799069,0.2857142857142857,0.32142857142857145,0.1951219512195122,-0.12630662020905925,turn_left,False,turn_left
right_stimulus,24,26.044036808340675,4.508497887677901,-0.35,0.0,0.0,0.2857142857142857,0.2857142857142857,0.2926829268292683,0.006968641114982577,walk_forward,False,walk_forward
right_stimulus,25,26.426457901982918,4.186389044059055,-0.7,0.0,0.0,0.42857142857142855,0.39285714285714285,0.5121951219512195,0.11933797909407667,turn_right,False,turn_right
right_stimulus,26,26.896144258406608,4.01494014033133,-0.35,0.0,0.15612199140948274,0.2857142857142857,0.32142857142857145,0.1951219512195122,-0.12630662020905925,turn_left,False,turn_left
right_stimulus,27,27.365830614830298,3.843491236603604,-0.35,0.0,0.0,0.2857142857142857,0.2857142857142857,0.2926829268292683,0.006968641114982577,walk_forward,False,walk_forward
right_stimulus,28,27.74825170847254,3.5213823929847585,-0.7,0.0,0.0,0.42857142857142855,0.39285714285714285,0.5121951219512195,0.11933797909407667,turn_right,False,turn_right
right_stimulus,29,28.21793806489623,3.3499334892570327,-0.35,0.0,0.1023615147109135,0.2857142857142857,0.32142857142857145,0.1951219512195122,-0.12630662020905925,turn_left,False,turn_left
right_stimulus,30,28.68762442131992,3.178484585529307,-0.35,0.0,0.0,0.2857142857142857,0.2857142857142857,0.2926829268292683,0.006968641114982577,walk_forward,False,walk_forward
right_stimulus,31,29.070045514962164,2.8563757419104614,-0.7,0.0,0.0,0.42857142857142855,0.39285714285714285,0.5121951219512195,0.11933797909407667,turn_right,False,turn_right
right_stimulus,32,29.539731871385854,2.6849268381827356,-0.35,0.0,0.059776084374330594,0.2857142857142857,0.32142857142857145,0.1951219512195122,-0.12630662020905925,turn_left,False,turn_left
right_stimulus,33,29.539731871385854,2.6849268381827356,-0.35,0.0,0.0,0.0,0.2857142857142857,0.2926829268292683,0.006968641114982577,rest,True,walk_forward
right_stimulus,34,29.922152965028097,2.36281799456389,-0.7,0.0,0.0,0.42857142857142855,0.39285714285714285,0.5121951219512195,0.11933797909407667,turn_right,False,turn_right
right_stimulus,35,29.922152965028097,2.36281799456389,-0.7,0.0,0.03553203612043764,0.0,0.32142857142857145,0.1951219512195122,-0.12630662020905925,rest,True,turn_left
right_stimulus,36,29.922152965028097,2.36281799456389,-0.7,0.0,0.03553203612043764,0.0,0.2857142857142857,0.2926829268292683,0.006968641114982577,rest,True,walk_forward
right_stimulus,37,29.922152965028097,2.36281799456389,-0.7,0.0,0.03553203612043764,0.0,0.39285714285714285,0.5121951219512195,0.11933797909407667,rest,True,turn_right
right_stimulus,38,29.922152965028097,2.36281799456389,-0.7,0.0,0.03553203612043764,0.0,0.32142857142857145,0.1951219512195122,-0.12630662020905925,rest,True,turn_left
right_stimulus,39,29.922152965028097,2.36281799456389,-0.7,0.0,0.03553203612043764,0.0,0.2857142857142857,0.2926829268292683,0.006968641114982577,rest,True,walk_forward
right_stimulus,40,29.922152965028097,2.36281799456389,-0.7,0.0,0.03553203612043764,0.0,0.39285714285714285,0.5121951219512195,0.11933797909407667,rest,True,turn_right
right_stimulus,41,29.922152965028097,2.36281799456389,-0.7,0.0,0.03553203612043764,0.0,0.32142857142857145,0.1951219512195122,-0.12630662020905925,rest,True,turn_left
right_stimulus,42,29.922152965028097,2.36281799456389,-0.7,0.0,0.03553203612043764,0.0,0.2857142857142857,0.2926829268292683,0.006968641114982577,rest,True,walk_forward
right_stimulus,43,29.922152965028097,2.36281799456389,-0.7,0.0,0.03553203612043764,0.0,0.39285714285714285,0.5121951219512195,0.11933797909407667,rest,True,turn_right
right_stimulus,44,29.922152965028097,2.36281799456389,-0.7,0.0,0.03553203612043764,0.0,0.32142857142857145,0.1951219512195122,-0.12630662020905925,rest,True,turn_left
right_stimulus,45,29.922152965028097,2.36281799456389,-0.7,0.0,0.03553203612043764,0.0,0.2857142857142857,0.2926829268292683,0.006968641114982577,rest,True,walk_forward
right_stimulus,46,29.922152965028097,2.36281799456389,-0.7,0.0,0.03553203612043764,0.0,0.39285714285714285,0.5121951219512195,0.11933797909407667,rest,True,turn_right
right_stimulus,47,29.922152965028097,2.36281799456389,-0.7,0.0,0.03553203612043764,0.0,0.32142857142857145,0.1951219512195122,-0.12630662020905925,rest,True,turn_left
right_stimulus,48,29.922152965028097,2.36281799456389,-0.7,0.0,0.03553203612043764,0.0,0.2857142857142857,0.2926829268292683,0.006968641114982577,rest,True,walk_forward
right_stimulus,49,29.922152965028097,2.36281799456389,-0.7,0.0,0.03553203612043764,0.0,0.39285714285714285,0.5121951219512195,0.11933797909407667,rest,True,turn_right
right_stimulus,50,29.922152965028097,2.36281799456389,-0.7,0.0,0.03553203612043764,0.0,0.32142857142857145,0.1951219512195122,-0.12630662020905925,rest,True,turn_left
right_stimulus,51,29.922152965028097,2.36281799456389,-0.7,0.0,0.03553203612043764,0.0,0.2857142857142857,0.2926829268292683,0.006968641114982577,rest,True,walk_forward
right_stimulus,52,29.922152965028097,2.36281799456389,-0.7,0.0,0.03553203612043764,0.0,0.39285714285714285,0.5121951219512195,0.11933797909407667,rest,True,turn_right
right_stimulus,53,29.922152965028097,2.36281799456389,-0.7,0.0,0.03553203612043764,0.0,0.32142857142857145,0.1951219512195122,-0.12630662020905925,rest,True,turn_left
right_stimulus,54,29.922152965028097,2.36281799456389,-0.7,0.0,0.03553203612043764,0.0,0.2857142857142857,0.2926829268292683,0.006968641114982577,rest,True,walk_forward
right_stimulus,55,29.922152965028097,2.36281799456389,-0.7,0.0,0.03553203612043764,0.0,0.39285714285714285,0.5121951219512195,0.11933797909407667,rest,True,turn_right
right_stimulus,56,29.922152965028097,2.36281799456389,-0.7,0.0,0.03553203612043764,0.0,0.32142857142857145,0.1951219512195122,-0.12630662020905925,rest,True,turn_left
right_stimulus,57,29.922152965028097,2.36281799456389,-0.7,0.0,0.03553203612043764,0.0,0.2857142857142857,0.2926829268292683,0.006968641114982577,rest,True,walk_forward
right_stimulus,58,29.922152965028097,2.36281799456389,-0.7,0.0,0.03553203612043764,0.0,0.39285714285714285,0.5121951219512195,0.11933797909407667,rest,True,turn_right
right_stimulus,59,29.922152965028097,2.36281799456389,-0.7,0.0,0.03553203612043764,0.0,0.32142857142857145,0.1951219512195122,-0.12630662020905925,rest,True,turn_left
right_stimulus,60,29.922152965028097,2.36281799456389,-0.7,0.0,0.03553203612043764,0.0,0.2857142857142857,0.2926829268292683,0.006968641114982577,rest,True,walk_forward
right_stimulus,61,29.922152965028097,2.36281799456389,-0.7,0.0,0.03553203612043764,0.0,0.39285714285714285,0.5121951219512195,0.11933797909407667,rest,True,turn_right
right_stimulus,62,29.922152965028097,2.36281799456389,-0.7,0.0,0.03553203612043764,0.0,0.32142857142857145,0.1951219512195122,-0.12630662020905925,rest,True,turn_left
right_stimulus,63,29.922152965028097,2.36281799456389,-0.7,0.0,0.03553203612043764,0.0,0.2857142857142857,0.2926829268292683,0.006968641114982577,rest,True,walk_forward
right_stimulus,64,29.922152965028097,2.36281799456389,-0.7,0.0,0.03553203612043764,0.0,0.39285714285714285,0.5121951219512195,0.11933797909407667,rest,True,turn_right
right_stimulus,65,29.922152965028097,2.36281799456389,-0.7,0.0,0.03553203612043764,0.0,0.32142857142857145,0.1951219512195122,-0.12630662020905925,rest,True,turn_left
right_stimulus,66,29.922152965028097,2.36281799456389,-0.7,0.0,0.03553203612043764,0.0,0.2857142857142857,0.2926829268292683,0.006968641114982577,rest,True,walk_forward
right_stimulus,67,29.922152965028097,2.36281799456389,-0.7,0.0,0.03553203612043764,0.0,0.39285714285714285,0.5121951219512195,0.11933797909407667,rest,True,turn_right
right_stimulus,68,29.922152965028097,2.36281799456389,-0.7,0.0,0.03553203612043764,0.0,0.32142857142857145,0.1951219512195122,-0.12630662020905925,rest,True,turn_left
right_stimulus,69,29.922152965028097,2.36281799456389,-0.7,0.0,0.03553203612043764,0.0,0.2857142857142857,0.2926829268292683,0.006968641114982577,rest,True,walk_forward
right_stimulus,70,29.922152965028097,2.36281799456389,-0.7,0.0,0.03553203612043764,0.0,0.39285714285714285,0.5121951219512195,0.11933797909407667,rest,True,turn_right
right_stimulus,71,29.922152965028097,2.36281799456389,-0.7,0.0,0.03553203612043764,0.0,0.32142857142857145,0.1951219512195122,-0.12630662020905925,rest,True,turn_left
right_stimulus,72,29.922152965028097,2.36281799456389,-0.7,0.0,0.03553203612043764,0.0,0.2857142857142857,0.2926829268292683,0.006968641114982577,rest,True,walk_forward
right_stimulus,73,29.922152965028097,2.36281799456389,-0.7,0.0,0.03553203612043764,0.0,0.39285714285714285,0.5121951219512195,0.11933797909407667,rest,True,turn_right
right_stimulus,74,29.922152965028097,2.36281799456389,-0.7,0.0,0.03553203612043764,0.0,0.32142857142857145,0.1951219512195122,-0.12630662020905925,rest,True,turn_left
right_stimulus,75,29.922152965028097,2.36281799456389,-0.7,0.0,0.03553203612043764,0.0,0.2857142857142857,0.2926829268292683,0.006968641114982577,rest,True,walk_forward
right_stimulus,76,29.922152965028097,2.36281799456389,-0.7,0.0,0.03553203612043764,0.0,0.39285714285714285,0.5121951219512195,0.11933797909407667,rest,True,turn_right
right_stimulus,77,29.922152965028097,2.36281799456389,-0.7,0.0,0.03553203612043764,0.0,0.32142857142857145,0.1951219512195122,-0.12630662020905925,rest,True,turn_left
right_stimulus,78,29.922152965028097,2.36281799456389,-0.7,0.0,0.03553203612043764,0.0,0.2857142857142857,0.2926829268292683,0.006968641114982577,rest,True,walk_forward
right_stimulus,79,29.922152965028097,2.36281799456389,-0.7,0.0,0.03553203612043764,0.0,0.39285714285714285,0.5121951219512195,0.11933797909407667,rest,True,turn_right
right_stimulus,80,29.922152965028097,2.36281799456389,-0.7,0.0,0.03553203612043764,0.0,0.32142857142857145,0.1951219512195122,-0.12630662020905925,rest,True,turn_left
right_stimulus,81,29.922152965028097,2.36281799456389,-0.7,0.0,0.03553203612043764,0.0,0.2857142857142857,0.2926829268292683,0.006968641114982577,rest,True,walk_forward
right_stimulus,82,29.922152965028097,2.36281799456389,-0.7,0.0,0.03553203612043764,0.0,0.39285714285714285,0.5121951219512195,0.11933797909407667,rest,True,turn_right
right_stimulus,83,29.922152965028097,2.36281799456389,-0.7,0.0,0.03553203612043764,0.0,0.32142857142857145,0.1951219512195122,-0.12630662020905925,rest,True,turn_left
right_stimulus,84,29.922152965028097,2.36281799456389,-0.7,0.0,0.03553203612043764,0.0,0.2857142857142857,0.2926829268292683,0.006968641114982577,rest,True,walk_forward
right_stimulus,85,29.922152965028097,2.36281799456389,-0.7,0.0,0.03553203612043764,0.0,0.39285714285714285,0.5121951219512195,0.11933797909407667,rest,True,turn_right
right_stimulus,86,29.922152965028097,2.36281799456389,-0.7,0.0,0.03553203612043764,0.0,0.32142857142857145,0.1951219512195122,-0.12630662020905925,rest,True,turn_left
right_stimulus,87,29.922152965028097,2.36281799456389,-0.7,0.0,0.03553203612043764,0.0,0.2857142857142857,0.2926829268292683,0.006968641114982577,rest,True,walk_forward
right_stimulus,88,29.922152965028097,2.36281799456389,-0.7,0.0,0.03553203612043764,0.0,0.39285714285714285,0.5121951219512195,0.11933797909407667,rest,True,turn_right
right_stimulus,89,29.922152965028097,2.36281799456389,-0.7,0.0,0.03553203612043764,0.0,0.32142857142857145,0.1951219512195122,-0.12630662020905925,rest,True,turn_left
right_stimulus,90,29.922152965028097,2.36281799456389,-0.7,0.0,0.03553203612043764,0.0,0.2857142857142857,0.2926829268292683,0.006968641114982577,rest,True,walk_forward
right_stimulus,91,29.922152965028097,2.36281799456389,-0.7,0.0,0.03553203612043764,0.0,0.39285714285714285,0.5121951219512195,0.11933797909407667,rest,True,turn_right
right_stimulus,92,29.922152965028097,2.36281799456389,-0.7,0.0,0.03553203612043764,0.0,0.32142857142857145,0.1951219512195122,-0.12630662020905925,rest,True,turn_left
right_stimulus,93,29.922152965028097,2.36281799456389,-0.7,0.0,0.03553203612043764,0.0,0.2857142857142857,0.2926829268292683,0.006968641114982577,rest,True,walk_forward
right_stimulus,94,29.922152965028097,2.36281799456389,-0.7,0.0,0.03553203612043764,0.0,0.39285714285714285,0.5121951219512195,0.11933797909407667,rest,True,turn_right
right_stimulus,95,29.922152965028097,2.36281799456389,-0.7,0.0,0.03553203612043764,0.0,0.32142857142857145,0.1951219512195122,-0.12630662020905925,rest,True,turn_left
right_stimulus,96,29.922152965028097,2.36281799456389,-0.7,0.0,0.03553203612043764,0.0,0.2857142857142857,0.2926829268292683,0.006968641114982577,rest,True,walk_forward
right_stimulus,97,29.922152965028097,2.36281799456389,-0.7,0.0,0.03553203612043764,0.0,0.39285714285714285,0.5121951219512195,0.11933797909407667,rest,True,turn_right
right_stimulus,98,29.922152965028097,2.36281799456389,-0.7,0.0,0.03553203612043764,0.0,0.32142857142857145,0.1951219512195122,-0.12630662020905925,rest,True,turn_left
right_stimulus,99,29.922152965028097,2.36281799456389,-0.7,0.0,0.03553203612043764,0.0,0.2857142857142857,0.2926829268292683,0.006968641114982577,rest,True,walk_forward
front_stimulus,0,15.46968635642369,9.828551096272275,-0.35,0.4714045207910318,0.4714045207910318,0.09523809523809523,0.03571428571428571,0.17073170731707318,0.13501742160278746,turn_right,False,turn_right
front_stimulus,1,15.93937271284738,9.65710219254455,-0.35,0.6236929258542423,0.27658905007810464,0.5428571428571428,0.5714285714285714,0.5609756097560976,-0.010452961672473782,walk_forward,False,walk_forward
front_stimulus,2,16.40905906927107,9.485653288816824,-0.35,0.6433401859020166,0.27016004581482445,0.2857142857142857,0.2857142857142857,0.21951219512195122,-0.06620209059233448,walk_forward,False,walk_forward
front_stimulus,3,16.87874542569476,9.314204385089099,-0.35,0.6634094386920063,0.26159443442624186,0.17142857142857143,0.14285714285714285,0.21951219512195122,0.07665505226480837,walk_forward,False,walk_forward
front_stimulus,4,17.34843178211845,9.142755481361373,-0.35,0.6838829510664248,0.250531104041663,0.5428571428571428,0.5714285714285714,0.5609756097560976,-0.010452961672473782,walk_forward,False,walk_forward
front_stimulus,5,17.81811813854214,8.971306577633648,-0.35,0.7047157230608453,0.23653326204073039,0.2857142857142857,0.2857142857142857,0.21951219512195122,-0.06620209059233448,walk_forward,False,walk_forward
front_stimulus,6,18.28780449496583,8.799857673905922,-0.35,0.7258203962116551,0.21907155803885928,0.17142857142857143,0.14285714285714285,0.21951219512195122,0.07665505226480837,walk_forward,False,walk_forward
front_stimulus,7,18.75749085138952,8.628408770178197,-0.35,0.747044536746515,0.19750461642651046,0.5428571428571428,0.5714285714285714,0.5609756097560976,-0.010452961672473782,walk_forward,False,walk_forward
front_stimulus,8,19.22717720781321,8.456959866450472,-0.35,0.7681366279480564,0.171058159409392,0.2857142857142857,0.2857142857142857,0.21951219512195122,-0.06620209059233448,walk_forward,False,walk_forward
front_stimulus,9,19.6968635642369,8.285510962722746,-0.35,0.7886956818451629,0.13880598022294188,0.17142857142857143,0.14285714285714285,0.21951219512195122,0.07665505226480837,walk_forward,False,walk_forward
front_stimulus,10,20.16654992066059,8.114062058995021,-0.35,0.8080979858419627,0.09966012358657034,0.5428571428571428,0.5714285714285714,0.5609756097560976,-0.010452961672473782,walk_forward,False,walk_forward
front_stimulus,11,20.63623627708428,7.942613155267296,-0.35,0.8253942265026462,0.05238517395441523,0.2857142857142857,0.2857142857142857,0.21951219512195122,-0.06620209059233448,walk_forward,False,walk_forward
front_stimulus,12,21.10592263350797,7.77116425153957,-0.35,0.8391739489793012,0.0,0.17142857142857143,0.14285714285714285,0.21951219512195122,0.07665505226480837,walk_forward,False,walk_forward
front_stimulus,13,21.57560898993166,7.599715347811845,-0.35,0.8474082887652111,0.0,0.5428571428571428,0.5714285714285714,0.5609756097560976,-0.010452961672473782,walk_forward,False,walk_forward
front_stimulus,14,22.04529534635535,7.4282664440841195,-0.35,0.8473170181527118,0.0,0.2857142857142857,0.2857142857142857,0.21951219512195122,-0.06620209059233448,walk_forward,False,walk_forward
front_stimulus,15,22.51498170277904,7.256817540356394,-0.35,0.8353731861910172,0.0,0.17142857142857143,0.14285714285714285,0.21951219512195122,0.07665505226480837,walk_forward,False,walk_forward
front_stimulus,16,22.98466805920273,7.085368636628669,-0.35,0.8076459134887956,0.0,0.5428571428571428,0.5714285714285714,0.5609756097560976,-0.010452961672473782,walk_forward,False,walk_forward
front_stimulus,17,23.45435441562642,6.913919732900943,-0.35,0.7607018697808986,0.0,0.2857142857142857,0.2857142857142857,0.21951219512195122,-0.06620209059233448,walk_forward,False,walk_forward
front_stimulus,18,23.92404077205011,6.742470829173218,-0.35,0.6930513940404657,0.0,0.17142857142857143,0.14285714285714285,0.21951219512195122,0.07665505226480837,walk_forward,False,walk_forward
front_stimulus,19,24.3937271284738,6.571021925445493,-0.35,0.6065459660761066,0.0,0.5428571428571428,0.5714285714285714,0.5609756097560976,-0.010452961672473782,walk_forward,False,walk_forward
front_stimulus,20,24.86341348489749,6.399573021717767,-0.35,0.5066619688434478,0.0,0.2857142857142857,0.2857142857142857,0.21951219512195122,-0.06620209059233448,walk_forward,False,walk_forward
front_stimulus,21,25.33309984132118,6.228124117990042,-0.35,0.4010937036818805,0.0,0.17142857142857143,0.14285714285714285,0.21951219512195122,0.07665505226480837,walk_forward,False,walk_forward
front_stimulus,22,25.80278619774487,6.056675214262317,-0.35,0.29741299140963484,0.0,0.5428571428571428,0.5714285714285714,0.5609756097560976,-0.010452961672473782,walk_forward,False,walk_forward
front_stimulus,23,26.27247255416856,5.885226310534591,-0.35,0.20124022043889056,0.0,0.2857142857142857,0.2857142857142857,0.21951219512195122,-0.06620209059233448,walk_forward,False,walk_forward
front_stimulus,24,26.74215891059225,5.713777406806866,-0.35,0.11567615305213444,0.0,0.17142857142857143,0.14285714285714285,0.21951219512195122,0.07665505226480837,walk_forward,False,walk_forward
front_stimulus,25,27.21184526701594,5.5423285030791405,-0.35,0.04171283478972655,0.0,0.5428571428571428,0.5714285714285714,0.5609756097560976,-0.010452961672473782,walk_forward,False,walk_forward
front_stimulus,26,27.68153162343963,5.370879599351415,-0.35,0.0,0.0,0.2857142857142857,0.2857142857142857,0.21951219512195122,-0.06620209059233448,walk_forward,False,walk_forward
front_stimulus,27,28.15121797986332,5.19943069562369,-0.35,0.0,0.0,0.17142857142857143,0.14285714285714285,0.21951219512195122,0.07665505226480837,walk_forward,False,walk_forward
front_stimulus,28,28.62090433628701,5.027981791895964,-0.35,0.0,0.0,0.5428571428571428,0.5714285714285714,0.5609756097560976,-0.010452961672473782,walk_forward,False,walk_forward
front_stimulus,29,29.0905906927107,4.856532888168239,-0.35,0.0,0.0,0.2857142857142857,0.2857142857142857,0.21951219512195122,-0.06620209059233448,walk_forward,False,walk_forward
front_stimulus,30,29.56027704913439,4.685083984440514,-0.35,0.0,0.0,0.17142857142857143,0.14285714285714285,0.21951219512195122,0.07665505226480837,walk_forward,False,walk_forward
front_stimulus,31,29.56027704913439,4.685083984440514,-0.35,0.0,0.0,0.0,0.5714285714285714,0.5609756097560976,-0.010452961672473782,rest,True,walk_forward
front_stimulus,32,29.56027704913439,4.685083984440514,-0.35,0.0,0.0,0.0,0.2857142857142857,0.21951219512195122,-0.06620209059233448,rest,True,walk_forward
front_stimulus,33,29.56027704913439,4.685083984440514,-0.35,0.0,0.0,0.0,0.14285714285714285,0.21951219512195122,0.07665505226480837,rest,True,walk_forward
front_stimulus,34,29.56027704913439,4.685083984440514,-0.35,0.0,0.0,0.0,0.5714285714285714,0.5609756097560976,-0.010452961672473782,rest,True,walk_forward
front_stimulus,35,29.56027704913439,4.685083984440514,-0.35,0.0,0.0,0.0,0.2857142857142857,0.21951219512195122,-0.06620209059233448,rest,True,walk_forward
front_stimulus,36,29.56027704913439,4.685083984440514,-0.35,0.0,0.0,0.0,0.14285714285714285,0.21951219512195122,0.07665505226480837,rest,True,walk_forward
front_stimulus,37,29.56027704913439,4.685083984440514,-0.35,0.0,0.0,0.0,0.5714285714285714,0.5609756097560976,-0.010452961672473782,rest,True,walk_forward
front_stimulus,38,29.56027704913439,4.685083984440514,-0.35,0.0,0.0,0.0,0.2857142857142857,0.21951219512195122,-0.06620209059233448,rest,True,walk_forward
front_stimulus,39,29.56027704913439,4.685083984440514,-0.35,0.0,0.0,0.0,0.14285714285714285,0.21951219512195122,0.07665505226480837,rest,True,walk_forward
front_stimulus,40,29.56027704913439,4.685083984440514,-0.35,0.0,0.0,0.0,0.5714285714285714,0.5609756097560976,-0.010452961672473782,rest,True,walk_forward
front_stimulus,41,29.56027704913439,4.685083984440514,-0.35,0.0,0.0,0.0,0.2857142857142857,0.21951219512195122,-0.06620209059233448,rest,True,walk_forward
front_stimulus,42,29.56027704913439,4.685083984440514,-0.35,0.0,0.0,0.0,0.14285714285714285,0.21951219512195122,0.07665505226480837,rest,True,walk_forward
front_stimulus,43,29.56027704913439,4.685083984440514,-0.35,0.0,0.0,0.0,0.5714285714285714,0.5609756097560976,-0.010452961672473782,rest,True,walk_forward
front_stimulus,44,29.56027704913439,4.685083984440514,-0.35,0.0,0.0,0.0,0.2857142857142857,0.21951219512195122,-0.06620209059233448,rest,True,walk_forward
front_stimulus,45,29.56027704913439,4.685083984440514,-0.35,0.0,0.0,0.0,0.14285714285714285,0.21951219512195122,0.07665505226480837,rest,True,walk_forward
front_stimulus,46,29.56027704913439,4.685083984440514,-0.35,0.0,0.0,0.0,0.5714285714285714,0.5609756097560976,-0.010452961672473782,rest,True,walk_forward
front_stimulus,47,29.56027704913439,4.685083984440514,-0.35,0.0,0.0,0.0,0.2857142857142857,0.21951219512195122,-0.06620209059233448,rest,True,walk_forward
front_stimulus,48,29.56027704913439,4.685083984440514,-0.35,0.0,0.0,0.0,0.14285714285714285,0.21951219512195122,0.07665505226480837,rest,True,walk_forward
front_stimulus,49,29.56027704913439,4.685083984440514,-0.35,0.0,0.0,0.0,0.5714285714285714,0.5609756097560976,-0.010452961672473782,rest,True,walk_forward
front_stimulus,50,29.56027704913439,4.685083984440514,-0.35,0.0,0.0,0.0,0.2857142857142857,0.21951219512195122,-0.06620209059233448,rest,True,walk_forward
front_stimulus,51,29.56027704913439,4.685083984440514,-0.35,0.0,0.0,0.0,0.14285714285714285,0.21951219512195122,0.07665505226480837,rest,True,walk_forward
front_stimulus,52,29.56027704913439,4.685083984440514,-0.35,0.0,0.0,0.0,0.5714285714285714,0.5609756097560976,-0.010452961672473782,rest,True,walk_forward
front_stimulus,53,29.56027704913439,4.685083984440514,-0.35,0.0,0.0,0.0,0.2857142857142857,0.21951219512195122,-0.06620209059233448,rest,True,walk_forward
front_stimulus,54,29.56027704913439,4.685083984440514,-0.35,0.0,0.0,0.0,0.14285714285714285,0.21951219512195122,0.07665505226480837,rest,True,walk_forward
front_stimulus,55,29.56027704913439,4.685083984440514,-0.35,0.0,0.0,0.0,0.5714285714285714,0.5609756097560976,-0.010452961672473782,rest,True,walk_forward
front_stimulus,56,29.56027704913439,4.685083984440514,-0.35,0.0,0.0,0.0,0.2857142857142857,0.21951219512195122,-0.06620209059233448,rest,True,walk_forward
front_stimulus,57,29.56027704913439,4.685083984440514,-0.35,0.0,0.0,0.0,0.14285714285714285,0.21951219512195122,0.07665505226480837,rest,True,walk_forward
front_stimulus,58,29.56027704913439,4.685083984440514,-0.35,0.0,0.0,0.0,0.5714285714285714,0.5609756097560976,-0.010452961672473782,rest,True,walk_forward
front_stimulus,59,29.56027704913439,4.685083984440514,-0.35,0.0,0.0,0.0,0.2857142857142857,0.21951219512195122,-0.06620209059233448,rest,True,walk_forward
front_stimulus,60,29.56027704913439,4.685083984440514,-0.35,0.0,0.0,0.0,0.14285714285714285,0.21951219512195122,0.07665505226480837,rest,True,walk_forward
front_stimulus,61,29.56027704913439,4.685083984440514,-0.35,0.0,0.0,0.0,0.5714285714285714,0.5609756097560976,-0.010452961672473782,rest,True,walk_forward
front_stimulus,62,29.56027704913439,4.685083984440514,-0.35,0.0,0.0,0.0,0.2857142857142857,0.21951219512195122,-0.06620209059233448,rest,True,walk_forward
front_stimulus,63,29.56027704913439,4.685083984440514,-0.35,0.0,0.0,0.0,0.14285714285714285,0.21951219512195122,0.07665505226480837,rest,True,walk_forward
front_stimulus,64,29.56027704913439,4.685083984440514,-0.35,0.0,0.0,0.0,0.5714285714285714,0.5609756097560976,-0.010452961672473782,rest,True,walk_forward
front_stimulus,65,29.56027704913439,4.685083984440514,-0.35,0.0,0.0,0.0,0.2857142857142857,0.21951219512195122,-0.06620209059233448,rest,True,walk_forward
front_stimulus,66,29.56027704913439,4.685083984440514,-0.35,0.0,0.0,0.0,0.14285714285714285,0.21951219512195122,0.07665505226480837,rest,True,walk_forward
front_stimulus,67,29.56027704913439,4.685083984440514,-0.35,0.0,0.0,0.0,0.5714285714285714,0.5609756097560976,-0.010452961672473782,rest,True,walk_forward
front_stimulus,68,29.56027704913439,4.685083984440514,-0.35,0.0,0.0,0.0,0.2857142857142857,0.21951219512195122,-0.06620209059233448,rest,True,walk_forward
front_stimulus,69,29.56027704913439,4.685083984440514,-0.35,0.0,0.0,0.0,0.14285714285714285,0.21951219512195122,0.07665505226480837,rest,True,walk_forward
front_stimulus,70,29.56027704913439,4.685083984440514,-0.35,0.0,0.0,0.0,0.5714285714285714,0.5609756097560976,-0.010452961672473782,rest,True,walk_forward
front_stimulus,71,29.56027704913439,4.685083984440514,-0.35,0.0,0.0,0.0,0.2857142857142857,0.21951219512195122,-0.06620209059233448,rest,True,walk_forward
front_stimulus,72,29.56027704913439,4.685083984440514,-0.35,0.0,0.0,0.0,0.14285714285714285,0.21951219512195122,0.07665505226480837,rest,True,walk_forward
front_stimulus,73,29.56027704913439,4.685083984440514,-0.35,0.0,0.0,0.0,0.5714285714285714,0.5609756097560976,-0.010452961672473782,rest,True,walk_forward
front_stimulus,74,29.56027704913439,4.685083984440514,-0.35,0.0,0.0,0.0,0.2857142857142857,0.21951219512195122,-0.06620209059233448,rest,True,walk_forward
front_stimulus,75,29.56027704913439,4.685083984440514,-0.35,0.0,0.0,0.0,0.14285714285714285,0.21951219512195122,0.07665505226480837,rest,True,walk_forward
front_stimulus,76,29.56027704913439,4.685083984440514,-0.35,0.0,0.0,0.0,0.5714285714285714,0.5609756097560976,-0.010452961672473782,rest,True,walk_forward
front_stimulus,77,29.56027704913439,4.685083984440514,-0.35,0.0,0.0,0.0,0.2857142857142857,0.21951219512195122,-0.06620209059233448,rest,True,walk_forward
front_stimulus,78,29.56027704913439,4.685083984440514,-0.35,0.0,0.0,0.0,0.14285714285714285,0.21951219512195122,0.07665505226480837,rest,True,walk_forward
front_stimulus,79,29.56027704913439,4.685083984440514,-0.35,0.0,0.0,0.0,0.5714285714285714,0.5609756097560976,-0.010452961672473782,rest,True,walk_forward
front_stimulus,80,29.56027704913439,4.685083984440514,-0.35,0.0,0.0,0.0,0.2857142857142857,0.21951219512195122,-0.06620209059233448,rest,True,walk_forward
front_stimulus,81,29.56027704913439,4.685083984440514,-0.35,0.0,0.0,0.0,0.14285714285714285,0.21951219512195122,0.07665505226480837,rest,True,walk_forward
front_stimulus,82,29.56027704913439,4.685083984440514,-0.35,0.0,0.0,0.0,0.5714285714285714,0.5609756097560976,-0.010452961672473782,rest,True,walk_forward
front_stimulus,83,29.56027704913439,4.685083984440514,-0.35,0.0,0.0,0.0,0.2857142857142857,0.21951219512195122,-0.06620209059233448,rest,True,walk_forward
front_stimulus,84,29.56027704913439,4.685083984440514,-0.35,0.0,0.0,0.0,0.14285714285714285,0.21951219512195122,0.07665505226480837,rest,True,walk_forward
front_stimulus,85,29.56027704913439,4.685083984440514,-0.35,0.0,0.0,0.0,0.5714285714285714,0.5609756097560976,-0.010452961672473782,rest,True,walk_forward
front_stimulus,86,29.56027704913439,4.685083984440514,-0.35,0.0,0.0,0.0,0.2857142857142857,0.21951219512195122,-0.06620209059233448,rest,True,walk_forward
front_stimulus,87,29.56027704913439,4.685083984440514,-0.35,0.0,0.0,0.0,0.14285714285714285,0.21951219512195122,0.07665505226480837,rest,True,walk_forward
front_stimulus,88,29.56027704913439,4.685083984440514,-0.35,0.0,0.0,0.0,0.5714285714285714,0.5609756097560976,-0.010452961672473782,rest,True,walk_forward
front_stimulus,89,29.56027704913439,4.685083984440514,-0.35,0.0,0.0,0.0,0.2857142857142857,0.21951219512195122,-0.06620209059233448,rest,True,walk_forward
front_stimulus,90,29.56027704913439,4.685083984440514,-0.35,0.0,0.0,0.0,0.14285714285714285,0.21951219512195122,0.07665505226480837,rest,True,walk_forward
front_stimulus,91,29.56027704913439,4.685083984440514,-0.35,0.0,0.0,0.0,0.5714285714285714,0.5609756097560976,-0.010452961672473782,rest,True,walk_forward
front_stimulus,92,29.56027704913439,4.685083984440514,-0.35,0.0,0.0,0.0,0.2857142857142857,0.21951219512195122,-0.06620209059233448,rest,True,walk_forward
front_stimulus,93,29.56027704913439,4.685083984440514,-0.35,0.0,0.0,0.0,0.14285714285714285,0.21951219512195122,0.07665505226480837,rest,True,walk_forward
front_stimulus,94,29.56027704913439,4.685083984440514,-0.35,0.0,0.0,0.0,0.5714285714285714,0.5609756097560976,-0.010452961672473782,rest,True,walk_forward
front_stimulus,95,29.56027704913439,4.685083984440514,-0.35,0.0,0.0,0.0,0.2857142857142857,0.21951219512195122,-0.06620209059233448,rest,True,walk_forward
front_stimulus,96,29.56027704913439,4.685083984440514,-0.35,0.0,0.0,0.0,0.14285714285714285,0.21951219512195122,0.07665505226480837,rest,True,walk_forward
front_stimulus,97,29.56027704913439,4.685083984440514,-0.35,0.0,0.0,0.0,0.5714285714285714,0.5609756097560976,-0.010452961672473782,rest,True,walk_forward
front_stimulus,98,29.56027704913439,4.685083984440514,-0.35,0.0,0.0,0.0,0.2857142857142857,0.21951219512195122,-0.06620209059233448,rest,True,walk_forward
front_stimulus,99,29.56027704913439,4.685083984440514,-0.35,0.0,0.0,0.0,0.14285714285714285,0.21951219512195122,0.07665505226480837,rest,True,walk_forward
